file_0000.wav|Xin chào Chào mừng các bạn đã quay trở
file_0001.wav|lại với fanpage học văn cô Sương Mai và
file_0002.wav|chuyên mục hòm thư ký gửi đã được quay
file_0003.wav|trở lại rồi đây ở chuyên mục này cô cũng
file_0004.wav|như là các bạn và các anh chị ở trong
file_0005.wav|tim học văn cô Dương mai sẽ sẵn sàng đón
file_0006.wav|nhận tất cả những tâm tư tình cảm những
file_0007.wav|câu chuyện đến từ các bạn những nỗi buồn
file_0008.wav|mà các bạn không biết tỏ bày cùng ai
file_0009.wav|những bối rối Những băn khoăn mà các bạn
file_0010.wav|mong muốn có thể có ai đó lắng nghe mình
file_0011.wav|hoặc đưa ra cho mình một lời khuyên nào
file_0012.wav|đó các bạn hoàn toàn có thể Gửi về hòm
file_0013.wav|thư của chương trình gửi ẩn danh thôi
file_0014.wav|cũng được không sao cả và cô sẽ cố gắng
file_0015.wav|để có thể đối thoại trò chuyện với các
file_0016.wav|bạn thông qua những số radio được lên
file_0017.wav|sóng vào 11 giờ tối thứ hai như thế này
file_0018.wav|để chúng ta cùng nâng niu những cảm xúc
file_0019.wav|đó để chúng ta có cảm giác là mình không
file_0020.wav|cô đơn mình không Bơ Vơ ít nhất là mình
file_0021.wav|có một nơi để mình giãi bày những cái
file_0022.wav|tâm tư những tâm sự của mình các bạn ạ Ở
file_0023.wav|số 1 của hòm thư ký gửi thì chúng ta đã
file_0024.wav|cùng chia sẻ với nhau
file_0025.wav|một bức thư với chủ đề là áp lực của năm
file_0026.wav|cuối cấp và ngày hôm nay sẽ là một chủ
file_0027.wav|đề khác mà chương trình cũng đã nhận
file_0028.wav|được khá là nhiều những tâm sự đến từ
file_0029.wav|các bạn học sinh và cả các bạn sinh viên
file_0030.wav|luôn chủ đề ngày hôm nay đó chính là gia
file_0031.wav|đình bạn bè và các mối quan hệ một chủ
file_0032.wav|đề mà chắc chắn là cũng khiến cho chúng
file_0033.wav|ta phải suy nghĩ rất là nhiều Đúng không
file_0034.wav|các mối quan hệ xung quanh thì sẽ góp
file_0035.wav|phần định hình chúng ta mà nên là nó sẽ
file_0036.wav|tác động khá là lớn tới việc là cảm xúc
file_0037.wav|của các bạn như thế nào tâm trạng của
file_0038.wav|các bạn ra sao những cái quyết định
file_0039.wav|trong đời của các bạn hay là việc các
file_0040.wav|bạn trở thành một người như thế nào nó
file_0041.wav|cũng sẽ được gọi là chịu ảnh hưởng khá
file_0042.wav|là lớn đến từ những người ở xung quanh
file_0043.wav|các bạn đến từ những mối quan hệ mà các
file_0044.wav|bạn sở hữu Đó là lý do mà cô luôn luôn
file_0045.wav|mong muốn động viên các bạn học sinh của
file_0046.wav|mình đó là hãy cố gắng để chọn lọc các
file_0047.wav|mối quan hệ và giữ gìn những mối quan hệ
file_0048.wav|tích cực cho mình còn đối với những mối
file_0049.wav|quan hệ mà mình có cảm giác là nó đem
file_0050.wav|lại cho mình những cái suy nghĩ tiêu cực
file_0051.wav|nó làm cho mình trở thành một cái phiên
file_0052.wav|bản xấu hơn nó khiến cho mình không còn
file_0053.wav|điểm tin vào bản thân nó khiến cho việc
file_0054.wav|luôn luôn chìm đắm trong những u sầu
file_0055.wav|buồn bã Thì đấy là mối quan hệ mà mình
file_0056.wav|cần phải dũng cảm rời xa và nói một lời
file_0057.wav|tạm biệt để dứt khoát với những điều ấy
file_0058.wav|và chọn cho mình những cái điều tốt đẹp
file_0059.wav|hơn bởi vì các bạn xứng đáng được hạnh
file_0060.wav|phúc mà cô thì cô luôn luôn tin là như
file_0061.wav|vậy chúng ta sẽ cùng thử đến với một vài
file_0062.wav|lá thư thuộc chủ đề này và hãy cùng xem
file_0063.wav|là những câu chuyện mà các bạn ấy đang
file_0064.wav|phải đối diện như thế nào nhé Hãy cùng
file_0065.wav|lắng nghe là thư đầu tiên đến từ bạn
file_0066.wav|Phương Thùy bạn chia sẻ những tâm tư của
file_0067.wav|mình về mối quan hệ giữa bạn và gia đình
file_0068.wav|hãy thử lắng nghe xem Các bạn có thấy
file_0069.wav|mình trong câu chuyện của bạn Phương
file_0070.wav|Thùy không nhé
file_0071.wav|cô ơi em năm nay đang bước vào giai đoạn
file_0072.wav|dậy thì nên có nhiều tâm tư suy nghĩ năm
file_0073.wav|12 tuổi thì bố em mất đè lên em bao
file_0074.wav|nhiêu nỗi đau chồng chấp Nỗi Đau ai ai
file_0075.wav|cũng an ủi mẹ em em biết vậy là người
file_0076.wav|đau khổ nhất anh rể thì an ủi chị em em
file_0077.wav|thì ngồi có mỗi một chỗ và Huhu một mình
file_0078.wav|Hôm trước em cũng vừa mới khóc tới tận 2
file_0079.wav|giờ sáng khi tới lớp các bạn nói mắt em
file_0080.wav|sưng và thâm Em biết là vì em đã khóc cả
file_0081.wav|đêm hôm qua
file_0082.wav|nhưng em cũng không nói ra với ai cả
file_0083.wav|cuộc sống của em rất tiêu cực em cần
file_0084.wav|tình yêu để tâm sự nhưng gia đình lại
file_0085.wav|cấm cản không cho vì muốn tập trung vào
file_0086.wav|việc học Thế nên em cũng cố gắng học
file_0087.wav|hành được học sinh giỏi cấp huyện chuẩn
file_0088.wav|bị thi tỉnh em đã buồn như vậy nhưng mẹ
file_0089.wav|cũng không tâm lý với em em biết từ khi
file_0090.wav|bố mất mẹ yêu thương em gấp trăm ngàn
file_0091.wav|lần nhưng mẹ lại thể hiện bằng cách quát
file_0092.wav|mắng em cả năm có 365 ngày thì mẹ em
file_0093.wav|chửi bằng em không lý do cho tới trọn
file_0094.wav|vẹn 365 ngày đó thứ em cần lúc này là sự
file_0095.wav|tin tưởng từ gia đình nhưng lại không
file_0096.wav|thể mẹ em so sánh em với chị nhà người
file_0097.wav|ta nhưng khi em làm mẹ lại không thèm
file_0098.wav|tin vào em mà chửi mắng em em nhớ bố lắm
file_0099.wav|cô ạ Ước gì bây là bố con có lẽ em có
file_0100.wav|thể sống một cuộc sống của riêng mình em
file_0101.wav|mong cô có thể nhắn nhủ cho em vài điều
file_0102.wav|đầu tiên thì cô rất là chia sẻ và cảm ơn
file_0103.wav|bạn Phương Thùy vì đã dốc hết những cái
file_0104.wav|tâm tư và những cái nỗi buồn mà rất khó
file_0105.wav|nói của mình đến với hòm thư ký gửi của
file_0106.wav|cô Xuân Mai bởi vì giống như là em cũng
file_0107.wav|có kể ấy có những đêm mà em khóc tới
file_0108.wav|sưng cả mắt bạn bè nói là mắt em hôm nay
file_0109.wav|thế này thế kia nhưng mà em cũng không
file_0110.wav|tâm sự không kể cho ai cả Thế nên là lúc
file_0111.wav|này cô cảm giác là em đang tự mình day
file_0112.wav|dứt và dằn vặt mình với tất cả những cái
file_0113.wav|hỗn độn về cảm xúc ấy mà những cái cảm
file_0114.wav|xúc ấy không phải là nhỏ từ năm 12 tuổi
file_0115.wav|đến giờ theo như lời Yến kể thì cứ mỗi
file_0116.wav|năm mỗi năm nó lại thêm chồng chất nó
file_0117.wav|lại thêm khắc sâu hơn cái nỗi đau ở
file_0118.wav|trong lòng mình nhiều khi mình cứ nghĩ
file_0119.wav|rằng là thời gian trôi qua thì những cái
file_0120.wav|nỗi đau nó sẽ phai mờ dần đi và mình sẽ
file_0121.wav|tốt dần lên mình sẽ mạnh mẽ hơn nhưng mà
file_0122.wav|Đó chỉ là cái trường hợp mà mình có một
file_0123.wav|cái không gian để mình Hàn Gắn những cái
file_0124.wav|vết thương lòng Bởi vì cô luôn nghĩ rằng
file_0125.wav|là vết thương lòng thì là cái vết thương
file_0126.wav|mà khó hàn gắn nhất những cái vết thương
file_0127.wav|xây xát về thể chất trên cơ thể của
file_0128.wav|chúng ta thì Rồi một lúc nào đó nó cũng
file_0129.wav|sẽ hết và cái vết sẹo đó nó cũng có thể
file_0130.wav|sẽ có những cái cách này hay cách khác
file_0131.wav|để các bạn có thể là xoa mờ nó thậm chí
file_0132.wav|là làm cho nó biến mất nhưng mà cái vết
file_0133.wav|sẹo Và cái sự tổn thương của tâm hồn các
file_0134.wav|bạn thì lại khác thậm chí nó có thể mỗi
file_0135.wav|ngày lại thêm một rách to hơn mỗi ngày
file_0136.wav|lại thêm sâu hoắm hơn và để lại trong
file_0137.wav|lòng các bạn những cái nỗi ám ảnh dằn
file_0138.wav|vặt
file_0139.wav|cô nghĩ rằng là việc em nói ra có thể là
file_0140.wav|khi mà em viết thư gửi về cho cô có thể
file_0141.wav|là bằng một cái cách nào khác nữa sẽ
file_0142.wav|phần nào đấy làm cho em cảm thấy nhẹ
file_0143.wav|nhõm hơn bởi vì Sức chịu đựng của chúng
file_0144.wav|ta có giới hạn đấy Nên là nếu như mà
file_0145.wav|mình cứ dồn nén dồn nén dồn nén mỗi ngày
file_0146.wav|lại thêm những cái nỗi đau những cái nỗi
file_0147.wav|đau vì mất bố nỗi nhớ về bố mà không thể
file_0148.wav|tỏ bày cùng ai rồi cả những cái cảm giác
file_0149.wav|không ít rồi cả những cái cảm giác đau
file_0150.wav|đớn cả những cái cảm giác tủi thân khi
file_0151.wav|mà mẹ không hiểu mình và không có một ai
file_0152.wav|hỏi tới mình cả cũng sẽ làm cho em cảm
file_0153.wav|thấy những cái áp lực nó lớn dần nên là
file_0154.wav|cá nhân cô nghĩ rằng là Phương Thủy hãy
file_0155.wav|tìm cách để chia sẻ viết lá thư này là
file_0156.wav|một việc nhưng mà có lẽ là em cũng cần
file_0157.wav|thử chia sẻ với cả những người mà gần em
file_0158.wav|hơn nữa và đang trực tiếp cùng em trải
file_0159.wav|qua mỗi ngày Nếu như mà lúc này em cảm
file_0160.wav|giác là mình chưa đủ sẵn sàng để mình
file_0161.wav|nói với mẹ thì em có thể tâm sự với anh
file_0162.wav|chị hoặc là em tâm sự với một người bạn
file_0163.wav|rất là thân mình có nghĩ rằng là mọi
file_0164.wav|người không muốn đón nhận cái nỗi buồn
file_0165.wav|của mình hoặc là nhiều khi mình nghĩ là
file_0166.wav|mình sợ mọi người cảm thấy phiền nên là
file_0167.wav|mình không kể những câu chuyện buồn
file_0168.wav|nhưng thực ra là những người thật lòng
file_0169.wav|thương mình thì họ sẽ sẵn sàng cùng mình
file_0170.wav|đi qua nỗi buồn và họ sẽ cảm thấy ở một
file_0171.wav|khía cạnh nào đó họ cũng sẽ cảm thấy vui
file_0172.wav|khi mà em lựa chọn Họ là người đệ kể
file_0173.wav|chuyện giống như là cô cũng rất là vui
file_0174.wav|vui không phải là vì các bạn đang rất
file_0175.wav|buồn mà vui là bởi vì à các bạn cũng
file_0176.wav|chọn đây các bạn tin tưởng cô phần nào
file_0177.wav|để các bạn có thể sẻ chia những cái nỗi
file_0178.wav|lòng của mình thế nên là em hãy tin rằng
file_0179.wav|là có những người đang chờ em kể chuyện
file_0180.wav|có những người đang sẵn sàng để đón nhận
file_0181.wav|những nỗi buồn của em em hãy thử kể ra
file_0182.wav|nếu như mà mình cảm thấy là mình nói ra
file_0183.wav|bằng lời nó khó thì hay là mình thử viết
file_0184.wav|mình thử viết những lá thư mình thử giãi
file_0185.wav|bày tất cả những cái tâm tư tình cảm của
file_0186.wav|mình Mình gửi cho người thân mình gửi
file_0187.wav|cho bạn bè mình gửi cho một người mình
file_0188.wav|cảm thấy tin tưởng thì cô nghĩ rằng là
file_0189.wav|người ấy sẽ hiểu nhất là mẹ của em bởi
file_0190.wav|vì giống như em nói là em cũng biết rằng
file_0191.wav|là mẹ yêu thương em gấp trăm ngàn lần
file_0192.wav|thế nhưng mà có thể là mẹ nghĩ rằng là
file_0193.wav|cái cách mẹ chọn bây giờ là một cái cách
file_0194.wav|đúng Mẹ nghĩ rằng là à mình không thể
file_0195.wav|nào mà gọi là chiều chuộng em quá nên là
file_0196.wav|mình phải mạnh mẽ mình phải gồng lên
file_0197.wav|Mình phải dạy em bằng một cái cách cứng
file_0198.wav|rắn để thay bố biết đâu Mẹ đang nghĩ như
file_0199.wav|vậy nhưng mà mình không hề biết rằng là
file_0200.wav|mình là tủi thân và mình lại rất là cần
file_0201.wav|sự dịu dàng và ngọt ngào đến từ mẹ thế
file_0202.wav|thì hãy cứ thử nói ra cô nghĩ rằng là
file_0203.wav|khi mà mẹ hiểu thì hai mẹ con sẽ gần
file_0204.wav|nhau hơn và cái khoảng cách mà em đang
file_0205.wav|nhắc tới nó sẽ được thu ngắn lại
file_0206.wav|một cái nữa mà cô nghĩ rằng là em cũng
file_0207.wav|có thể thử Đấy là em hãy thử viết cho
file_0208.wav|chính mình bởi vì những cái giai đoạn mà
file_0209.wav|cô chênh vênh nhất
file_0210.wav|và thì cái giai đoạn mà cô cũng từng đối
file_0211.wav|diện với nỗi đau mất người thân và từng
file_0212.wav|nghĩ rằng là mình sẽ không bao giờ mình
file_0213.wav|vượt qua được thì cô chọn viết cô chọn
file_0214.wav|viết để giãi bày cô chọn viết để đối
file_0215.wav|thoại với chính mình cô chọn viết để
file_0216.wav|mình không gọi là dồn nén những cái cảm
file_0217.wav|xúc trong lòng mình và tự mình ôm tất cả
file_0218.wav|những cái đấy để mình chịu tất cả những
file_0219.wav|cái gai nhọn đấy mà cô chọn em viết ra
file_0220.wav|có thể là những cái lá thư ấy em chỉ
file_0221.wav|biết cho em thôi cô cũng có những cái
file_0222.wav|quyển sổ mà cô viết mỗi ngày và không
file_0223.wav|bao giờ cô cho hay đọc cả nó là những
file_0224.wav|cái câu chuyện của riêng mình là những
file_0225.wav|cái nỗi buồn Cất giấu của riêng mình mà
file_0226.wav|thôi nhưng cái quyển sổ cái quyển sổ đấy
file_0227.wav|và cái thói quen viết đấy nó đã chữa
file_0228.wav|lành cho tâm hồn cô
file_0229.wav|có những cái ngày mà cô đau đớn nhất thì
file_0230.wav|cô nghĩ rằng là biết đâu là cũng sẽ có
file_0231.wav|thể là một cái cách tốt với em thì em
file_0232.wav|hãy thử đừng dồn nén quá và đừng để bản
file_0233.wav|thân Cứ mỗi ngày lại chìm đắm trong
file_0234.wav|những suy nghĩ tiêu cực cố gắng lên nhé
file_0235.wav|cô mong rằng là sẽ sớm nhận được bức thư
file_0236.wav|phản hồi từ em và bức thư đó sẽ có những
file_0237.wav|cái tín hiệu đáng mừng sẽ có những cái
file_0238.wav|sự chữa lành nhẹ nhàng hơn nữa cũng mong
file_0239.wav|là như vậy và cô sẽ sẵn sàng để chờ đợi
file_0240.wav|những câu chuyện tiếp theo từ Phương
file_0241.wav|Thủy Cố lên em nhé
file_0242.wav|lá thư tiếp theo đến từ một bạn để bút
file_0243.wav|danh là Nobita bạn đang là học sinh 2k5
file_0244.wav|và có kể chuyện về mối quan hệ bạn bè
file_0245.wav|chúng ta sẽ cùng thử xem Nobita đang gặp
file_0246.wav|khó khăn gì nhé
file_0247.wav|Chào cô Chào các bạn em là một học sinh
file_0248.wav|lớp 12 đang học tại trường chuyên của
file_0249.wav|một tỉnh lẻ ở khu vực phía Nam nói áp
file_0250.wav|lực thì cũng có áp lực nhưng trước đây
file_0251.wav|mọi áp lực đều tiêu biến hết khi em ở
file_0252.wav|cùng với một người bạn thân chúng em đã
file_0253.wav|là bạn thân thời cấp 1 cùng động vào
file_0254.wav|trường chuyên nên lại càng thân hơn
file_0255.wav|trước chúng em cùng đi ăn vặt cùng tám
file_0256.wav|chuyện cùng học bài nhưng hiện tại có lẽ
file_0257.wav|mọi thứ của trước đây đều không còn nữa
file_0258.wav|Thực sự mà nói em động vào trường chuyên
file_0259.wav|với số điểm không cao chỉ tiêu của
file_0260.wav|trường tuyển lớp em là 30 học sinh thì
file_0261.wav|em đứng ở thứ hạng 23 còn bạn thân em là
file_0262.wav|thủ khoa của môn chuyên khác nhưng giữa
file_0263.wav|chúng em đều không có bất cứ khoảng cách
file_0264.wav|nào cả cho đến khi bạn thân em vào đội
file_0265.wav|tuyển quốc gia học một khung giờ khác
file_0266.wav|hoàn toàn với em thì mọi chuyện đã thay
file_0267.wav|đổi Chúng em không thể cùng nhau làm mọi
file_0268.wav|thứ nữa Mỗi lần định tìm bạn ấy em lại
file_0269.wav|sợ phiền bạn vì áp lực trong đội tuyển
file_0270.wav|là rất lớn nhưng mà điều khiến em buồn
file_0271.wav|chính là mỗi khi có thời gian rảnh bạn
file_0272.wav|ấy không còn tìm em nữa bạn ấy dành thời
file_0273.wav|gian cho các bạn ở trong đội tuyển quốc
file_0274.wav|gia để cùng nhau làm những điều mà chúng
file_0275.wav|em đã từng làm chúng em cứ thế trở nên
file_0276.wav|xa lạ từ lúc nào không hay trung thu năm
file_0277.wav|nay bạn em cũng không nói kế hoạch gì
file_0278.wav|với em cả Em cứ nghĩ bạn ấy bật ôn tập
file_0279.wav|về kỳ thi chọn đội tuyển cũng đã cận kề
file_0280.wav|nhưng hóa ra không phải vậy bạn ấy đã đi
file_0281.wav|chơi cùng với các bạn trong đội tuyển
file_0282.wav|quốc gia còn em thì một mình ở trong căn
file_0283.wav|phòng ký túc xá đi học bài bạn ấy cũng
file_0284.wav|không kể với em về buổi đi chơi Trung
file_0285.wav|thu ấy thật nghiệt ngã khi người kể cho
file_0286.wav|em lại là một người bạn mà không mấy
file_0287.wav|thân với em nhiều lúc em tự ngẫm lại xem
file_0288.wav|bản thân mình có đủ tốt chưa có phải có
file_0289.wav|điểm nào khiến bạn ấy không vui hay
file_0290.wav|không nhưng nghĩ mãi cũng chẳng nghĩ
file_0291.wav|được em lại so sánh bản thân với các bạn
file_0292.wav|mới của các bạn ấy của bạn ấy Đúng vậy
file_0293.wav|em không giỏi không có buồn mặc cũng
file_0294.wav|không biết những trò đùa Đủ mặt cũng
file_0295.wav|không biết Crush của bạn ấy là ai nhớ
file_0296.wav|lại những lúc đi chơi cùng nhau em hay
file_0297.wav|chơi cái này đắt cái kia đắt rồi không
file_0298.wav|mua có thể lúc đó em đã làm bạn ấy cu
file_0299.wav|hứng chăng Nếu đã là như thế em cũng
file_0300.wav|không còn cách nào khác nữa không có một
file_0301.wav|ai có thể cùng tâm sự cùng đi chơi em
file_0302.wav|làm tất cả những việc ấy một mình
file_0303.wav|đột ngột lắm cứ cảm thấy không quen
file_0304.wav|nhưng cũng không biết phải làm sao tình
file_0305.wav|bạn 10 năm có thể bị giết chết dần bởi
file_0306.wav|sự xa cách này trong tiếng Anh có một
file_0307.wav|câu rất hay France Kamen Gold bạn bè sẽ
file_0308.wav|tới rồi sẽ đi mong rằng sau này chúng ta
file_0309.wav|có duyên sẽ gặp lại người bạn đã từng
file_0310.wav|thân
file_0311.wav|cô cảm ơn bạn Nobita Vì đã chia sẻ cho
file_0312.wav|cô và cho hòm thư ký gửi những cái nỗi
file_0313.wav|buồn của em
file_0314.wav|cô từng nghe một câu như thế này Đấy là
file_0315.wav|không chỉ có tình yêu có sự lãng mạn mà
file_0316.wav|tình bạn cũng cần một sự lãng mạn sự
file_0317.wav|lãng mạn ở đây có nghĩa là gì vậy có
file_0318.wav|nghĩa là chúng ta cũng cần một cái sự
file_0319.wav|nuôi dưỡng chúng ta cũng cần một cái sự
file_0320.wav|nỗ lực để chăm sóc mối quan hệ chúng ta
file_0321.wav|cũng cần duy trì những thói quen và
file_0322.wav|chúng ta cũng cần hiểu cho đối phương để
file_0323.wav|có thể cùng nhau bước đi thật là lâu dài
file_0324.wav|sẽ có những cái thời điểm mà các em có
file_0325.wav|những cái sự thay đổi trong cuộc sống và
file_0326.wav|những sự thay đổi đấy vô tình thôi không
file_0327.wav|phải là hữu ý đúng không Có ai muốn cái
file_0328.wav|chuyện này xảy ra cả nhưng những cái sự
file_0329.wav|thay đổi vô tình đến từ ngoại cảnh đến
file_0330.wav|từ thế giới xung quanh nó sẽ khiến cho
file_0331.wav|chúng ta có những giai đoạn cách xa nhau
file_0332.wav|cô không biết là sau này mối quan hệ nó
file_0333.wav|có được hàn gắn hay không nhé Bởi vì
file_0334.wav|thực tế mà nói là cũng có những cái
file_0335.wav|khoảng cách dần dần dần làm cho chúng ta
file_0336.wav|xa nhau mãi nhưng cũng có những mối quan
file_0337.wav|hệ mà chỉ là một khoảng nghỉ thôi chỉ là
file_0338.wav|một cái khoản mà có những cái sự thay
file_0339.wav|đổi thôi chỉ là một cái khoảng cách tạm
file_0340.wav|thời rồi sau đó chúng ta lại tìm về với
file_0341.wav|nhau bởi vì chúng ta vẫn luôn luôn là
file_0342.wav|một cái mảnh ghép quan trọng trong cuộc
file_0343.wav|đời của nhau cái thời gian mà cô mới lên
file_0344.wav|học đại học ấy cô cũng từng bị như vậy
file_0345.wav|nghĩa là cô có một hội bạn Nhóm bạn rất
file_0346.wav|là thân học cùng nhau cấp 3 và chia sẻ
file_0347.wav|với nhau gần như là mọi chuyện trong
file_0348.wav|cuộc đời luôn đấy rất rất là thân luôn
file_0349.wav|Nhưng mà khi học đại học thì mỗi đứa một
file_0350.wav|trường không có đứa nào là cùng trường
file_0351.wav|với đứa nào cả và nó dẫn tới câu chuyện
file_0352.wav|đấy là cuộc sống của bọn cô rất là khác
file_0353.wav|nhau và em biết là khi mà bắt đầu một
file_0354.wav|cái điều gì năm mới thì người ta có xu
file_0355.wav|hướng dễ bị cuốn đi bởi vì người ta phải
file_0356.wav|nỗ lực để thích nghi với cái môi trường
file_0357.wav|mới đấy thì cái thời điểm đó cô nghĩ
file_0358.wav|rằng tất cả bọn cô đều như vậy tất cả
file_0359.wav|đều đang làm quen với môi trường học đại
file_0360.wav|học tất cả đều đang bỡ ngỡ về cái cách
file_0361.wav|học mới tất cả đều đang cố gắng với cái
file_0362.wav|môn chuyên ngành mà mình đã chọn tất cả
file_0363.wav|đều đang thường Tìm hiểu về thế giới bên
file_0364.wav|ngoài và bắt đầu những công việc làm
file_0365.wav|thêm đầu tiên thế rồi có những cái mối
file_0366.wav|quan hệ bạn bè trường lớp thầy cô rất là
file_0367.wav|nhiều những cái thứ khiến cho mình bị
file_0368.wav|cuốn đi và mình tạm quên những thói quen
file_0369.wav|cũ mình tạm gác lại những mối quan hệ cũ
file_0370.wav|nhưng đương nhiên điều đó không có nghĩa
file_0371.wav|là chúng ta sẽ xa nhau hoàn toàn sau
file_0372.wav|khoảng nói về tính bằng năm ấy tức là
file_0373.wav|một cái khoảng thời gian khá là dài thì
file_0374.wav|bọn cô mới bắt đầu ổn định lại được về
file_0375.wav|cuộc sống của mình và bắt đầu kết nối
file_0376.wav|lại với nhau thời thời gian đầu thì cô
file_0377.wav|rất là ngại Bởi vì cô sợ cô sợ rằng là
file_0378.wav|là tất cả đều đã khác và sợ rằng là thực
file_0379.wav|sự trở thành bạn thân cũ của nhau mất
file_0380.wav|rồi Nhưng mà em biết không Khi mà mình
file_0381.wav|đã rất là thân nhau rồi và mình đã cùng
file_0382.wav|nhau đi một đoạn đường dài thì đến cái
file_0383.wav|lúc mà kể cả là tái ngộ sau một đoạn
file_0384.wav|đường không cùng đi với nhau ấy thì hóa
file_0385.wav|ra cái cảm giác nó vẫn rất là ngọt ngào
file_0386.wav|cái cảm giác nó vẫn là à Bọn mình vẫn
file_0387.wav|vẫn rất là hiểu nhau và chỉ muốn kể cho
file_0388.wav|nhau nghe tất cả những gì mà
file_0389.wav|cả lũ đã bỏ lỡ trong cái khoảng thời
file_0390.wav|gian vừa rồi để lại một lần nữa cùng
file_0391.wav|nhau bước tiếp và cho đến bây giờ thì
file_0392.wav|bọn cô đã vượt qua được cái giai đoạn xa
file_0393.wav|cách ấy đã vượt qua được những cái ngại
file_0394.wav|ngần khi mà mới nối lại mối quan hệ
file_0395.wav|để trở thành những người bạn mà cô nghĩ
file_0396.wav|rằng là thực sự là tri kỷ của nhau bởi
file_0397.wav|vì tính đến bây giờ là cũng đã chơi với
file_0398.wav|nhau từ 2010 là cũng đã chuẩn bị bước
file_0399.wav|sang năm thứ 13 của tình bạn thì cô nghĩ
file_0400.wav|rằng là có thể câu chuyện của em cũng là
file_0401.wav|như thế bởi vì đang có
file_0402.wav|những cái sự thay đổi trong cuộc sống
file_0403.wav|thế nên là người bạn của mình có thể sẽ
file_0404.wav|bị xuống đi Và thậm chí là nếu như mà em
file_0405.wav|sợ là bạn phiền biết đâu Bạn cũng lại sợ
file_0406.wav|là em phiền biết đâu Bạn cũng lại lo
file_0407.wav|rằng là là bắn đi một thời gian liệu bây
file_0408.wav|giờ em có muốn gặp bạn hay không Em có
file_0409.wav|muốn cùng bạn đi chơi hay không Đôi khi
file_0410.wav|cái điều chúng ta cần đấy là một trong
file_0411.wav|hai bạn có sự chủ động hơn thì nếu như
file_0412.wav|em cảm thấy không phiền với chính mình
file_0413.wav|thì em có thể là người chủ động trước cô
file_0414.wav|nghĩ ra là điều đó cũng không có gì là
file_0415.wav|ngại ngùng cả hay là nhiều khi nói vui
file_0416.wav|là không có gì là mất giá cả đúng không
file_0417.wav|Bởi vì nếu đó là mối quan hệ chúng ta
file_0418.wav|nâng niu chúng ta cần phải chúng ta thấy
file_0419.wav|rằng là người đấy xứng đáng thì ta có
file_0420.wav|thể chủ động ta có thể cố gắng để mối
file_0421.wav|quan hệ để nó không bị đẩy ra cách xa
file_0422.wav|hơn còn trong trường hợp mà em thấy rằng
file_0423.wav|là em đã cố gắng em đã chủ động nhưng
file_0424.wav|bạn vẫn có phần hơi phũ phàng với mình à
file_0425.wav|Thế thì có lẽ là mình đã đối diện với
file_0426.wav|một điều mà có lẽ là trong hành trình
file_0427.wav|trưởng thành mình rồi cũng sẽ phải đối
file_0428.wav|diện đấy là có những người họ sẽ khác và
file_0429.wav|đơn giản là vì họ đã thay đổi nên là
file_0430.wav|không còn phù hợp để cùng bước tiếp nữa
file_0431.wav|mà thôi thì cái đấy em cũng đừng trách
file_0432.wav|mình cô thấy có một đoạn em có viết
file_0433.wav|trong thư Đấy là em nghĩ rằng là em
file_0434.wav|không đủ giỏi em không có gu rồi em hay
file_0435.wav|chê cái này cái kia đắt Nhưng cô nghĩ
file_0436.wav|rằng là em đừng tự trách mình như vậy Em
file_0437.wav|đừng nghĩ rằng là vấn đề là là ở mình
file_0438.wav|thành ra là bạn lại chọn cái cách đối xử
file_0439.wav|với mình như thế hãy nghĩ đơn giản là có
file_0440.wav|những câu chuyện chỉ là
file_0441.wav|cuộc sống thay đổi Nên là lòng người đổi
file_0442.wav|thay thôi chúng ta cũng sẽ bước tiếp
file_0443.wav|theo cái cách của mình và chỉ cần em tử
file_0444.wav|tế em yêu thương và em chân thành thì em
file_0445.wav|sẽ gặp được những cái người xứng đáng
file_0446.wav|với mình và gặp được những người phù hợp
file_0447.wav|với mình để có thể trở thành những người
file_0448.wav|cùng mình chia sẻ trong những cái đoạn
file_0449.wav|đường kế tiếp cô nghĩ là như vậy Đương
file_0450.wav|nhiên là cô vẫn rất rất là mong rằng là
file_0451.wav|bạn nên đã đi rồi sẽ comeback sẽ lại trở
file_0452.wav|về thì không phải là chỉ như câu mà em
file_0453.wav|có nói là France Kame Gold đúng không
file_0454.wav|Hãy thử nghĩ ngược lại đi Họ quen rồi họ
file_0455.wav|sẽ họ sẽ thêm back họ sẽ comeback và một
file_0456.wav|ngày nào đó thì cô nghĩ rằng là đó là
file_0457.wav|một tương lai rất ngọt ngào mà hoàn toàn
file_0458.wav|có thể xảy ra và hãy thử tin tưởng vào
file_0459.wav|điều đó nhé cô mong rằng là Nobita sẽ
file_0460.wav|sớm được tái ngộ với người bạn của mình
file_0461.wav|và sẽ có thật nhiều câu chuyện để kể về
file_0462.wav|nhau nhé Cảm ơn em một lần nữa vì đã tâm
file_0463.wav|sự với chương trình Còn bây giờ thì
file_0464.wav|chúng ta sẽ cùng đến với một lá thư thứ
file_0465.wav|ba
file_0466.wav|có hai là thư đến từ một bạn Trâm Anh và
file_0467.wav|bạn Lê Linh hay là thư này khá là ngắn
file_0468.wav|thôi Nên là cô sẽ đọc cả 2 lá thư nhá
file_0469.wav|thư của bạn Trâm Anh thì như thế này cô
file_0470.wav|ơi em đã có tình cảm với một anh khi
file_0471.wav|chơi game cùng để xả stress ngoài giờ
file_0472.wav|học nhưng em lại bị đùa giỡn tình cảm nó
file_0473.wav|trở thành một thói quen quan tâm ỷ lại
file_0474.wav|thì người ta lại bỏ rơi em và thay ngay
file_0475.wav|bằng một người em đã rất buồn hoang mang
file_0476.wav|và ảnh hưởng đến việc học tập em không
file_0477.wav|dám buồn trước mặt bố mẹ nhưng cứ đêm
file_0478.wav|ngủ là không thể ngừng việc rơi nước mắt
file_0479.wav|sáng đi học mắt lại híp lên còn bạn Lê
file_0480.wav|Linh thì cũng có một cái tâm sự mà nó có
file_0481.wav|một chút sự tương đồng đó là mình đối xử
file_0482.wav|tốt với người ta mình thật lòng vậy mà
file_0483.wav|sao lại toàn nhận lại lừa dối về ạ áp
file_0484.wav|lực từ học hành bạn bè tình cảm sao nó
file_0485.wav|lại xảy đến với mình đột ngột và dồn dập
file_0486.wav|tè ạ Cô cảm ơn bạn Trâm Anh và bạn Lê
file_0487.wav|Linh Vì đã chia sẻ đến với chương trình
file_0488.wav|có lẽ là riêng về đề tài tình yêu tuổi
file_0489.wav|học trò thì cô cùng các anh chị và các
file_0490.wav|bạn ở trong tim hoặc ban cô sương mai
file_0491.wav|cũng sẽ chọn lọc để thành một cái chủ đề
file_0492.wav|riêng nhé bởi vì cô thấy rằng là cũng có
file_0493.wav|khá là nhiều bạn tâm sự về những cái
file_0494.wav|rung động đầu đời ở giai đoạn này quay
file_0495.wav|trở lại với những câu chuyện mà Trâm Anh
file_0496.wav|và Lê Linh đã gửi tới thì hình như cô
file_0497.wav|cũng từng có nói với các bạn là sẽ có
file_0498.wav|những giai đoạn mà cuộc sống thử thách
file_0499.wav|với các bạn nó giống như là Domino tức
file_0500.wav|là nó cứ đổ dồn dập dồn dập và chúng ta
file_0501.wav|thấy hoàn toàn tại sao mà cứ cái việc
file_0502.wav|khó này lại nổi tiếp những cái việc khác
file_0503.wav|nhưng cô có một điểm tin và chính bản
file_0504.wav|thân cô cũng đã từng vượt qua những cái
file_0505.wav|Domino biến cố như thế đấy là khi mà
file_0506.wav|mình vượt qua được một loạt những cái
file_0507.wav|quân bài đổ vỡ như vậy rồi thì mình sẽ
file_0508.wav|gặp được những điều rất là tốt đẹp và
file_0509.wav|mình sẽ trưởng thành và mạnh mẽ hơn
file_0510.wav|nhiều lắm bước ra khỏi giông bão là mình
file_0511.wav|trở thành một người khác mà Thế nên là
file_0512.wav|cô rất mong là Trâm Anh và Lê Linh hãy
file_0513.wav|cố gắng để có thể suy nghĩ tích cực và
file_0514.wav|tin rằng là bước qua cái giông bão bây
file_0515.wav|giờ bước qua cái cảm giác đau đớn của sự
file_0516.wav|phản bội và của sự lừa dối lúc này thì
file_0517.wav|em sẽ trở thành một phiên bản mạnh mẽ
file_0518.wav|hơn và có một cái điều mà cả Trâm Anh và
file_0519.wav|cả lên Linh và cả các bạn nữa hãy tự
file_0520.wav|nhắc nhở hãy tự nhắn nhủ và hãy tự khẳng
file_0521.wav|định với bản thân mình Đó là mình xứng
file_0522.wav|đáng với những điều tốt đẹp mình xứng
file_0523.wav|đáng với những điều tốt đẹp mình xứng
file_0524.wav|đáng với những điều tốt đẹp các bạn đừng
file_0525.wav|nghĩ rằng là à Người ta bỏ đi là mình
file_0526.wav|mất mát phải nghĩ ngược lại đó là mất
file_0527.wav|mát của họ họ đã mất mát họ chịu mất mát
file_0528.wav|khi mà họ để mình ra đi bởi vì mình là
file_0529.wav|người chân thành bởi vì mình là người
file_0530.wav|thương yêu họ thật lòng bởi vì mình đã
file_0531.wav|đối xử và quan tâm với họ rất tốt đúng
file_0532.wav|không họ mới là người mất chứ không phải
file_0533.wav|là mình khi mà mình cứ nghĩ rằng là là
file_0534.wav|là mình đánh mất họ thì cái nỗi đau đớn
file_0535.wav|mà dằn vặt nó sẽ ngày một lớn hơn hãy
file_0536.wav|tìm kiếm giá trị của mình và hãy trân
file_0537.wav|trọng mình hãy dùng cái nỗi đau của ngày
file_0538.wav|hôm nay làm động lực để tôi tập trung và
file_0539.wav|hoàn thiện mình bởi vì khi mình đã trở
file_0540.wav|thành một cái phiên bản tốt hơn trở
file_0541.wav|thành một phiên bản mạnh mẽ trở thành
file_0542.wav|một phiên bản đáng để mình tự hào
file_0543.wav|thì các bạn sẽ không sẽ không buồn vì
file_0544.wav|những người đã bước qua cuộc đời mình
file_0545.wav|như thế bởi vì lúc đấy các bạn sẽ đủ tự
file_0546.wav|tin để các bạn thấy rằng là họ không
file_0547.wav|xứng đáng với nỗi buồn của mình mình có
file_0548.wav|thể buồn ngày hôm nay Nhưng mình sẽ
file_0549.wav|không vì họ Mà tiêu cực mình sẽ không vì
file_0550.wav|họ mà mất niềm tin vào cuộc đời này mình
file_0551.wav|cũng sẽ không vì họ mà mất đi cái niềm
file_0552.wav|tin mình dành cho bản thân mình Hãy
file_0553.wav|thương yêu và hãy trân trọng mình thật
file_0554.wav|nhiều đặc biệt những lúc mình đang tổn
file_0555.wav|thương như thế này thì mình càng phải
file_0556.wav|thương yêu và trân trọng mình nhiều hơn
file_0557.wav|nữa
file_0558.wav|cô mong là như vậy và cô cũng tin là như
file_0559.wav|vậy sẽ làm một cái điều tốt nhất vì thế
file_0560.wav|nên là cô rất mong rằng là cả Trâm Anh
file_0561.wav|và cả Lê Linh Hãy tìm kiếm sức mạnh và
file_0562.wav|hãy nhắc nhở mình rằng là là là mình tốt
file_0563.wav|đẹp đến thế nào và trong tương lai các
file_0564.wav|em sẽ nhận được những cái mối quan hệ và
file_0565.wav|những tình cảm chân thành hơn cô tin là
file_0566.wav|như thế nhé đừng bắt niềm tin vào cuộc
file_0567.wav|đời này và đừng mất niềm tin vào tình
file_0568.wav|yêu bởi vì
file_0569.wav|tình yêu rất là đẹp chỉ là mình gặp sai
file_0570.wav|người nhưng mà ít nhiều thì mối quan hệ
file_0571.wav|này cũng đã đem đến cho mình những bài
file_0572.wav|học mà đúng không Và hãy cảm ơn một cái
file_0573.wav|điều nữa đấy là vì họ rời đi sớm nên
file_0574.wav|mình nhận được bài học sớm mình trưởng
file_0575.wav|thành sớm và mình không phải đắm chìm
file_0576.wav|trong cái mối quan hệ to xích đấy nữa
file_0577.wav|đấy cũng là một cái điều tốt đúng không
file_0578.wav|Cô tin là như thế và cột mong rằng là
file_0579.wav|cũng sẽ sớm nhận được những cái lá thư
file_0580.wav|chia sẻ tiếp theo Đến Từ Trâm Anh đến từ
file_0581.wav|Lê Linh và đến từ các bạn khác nữa để
file_0582.wav|chúng ta có thể cập nhật tình hình của
file_0583.wav|nhau biết được rằng là các bạn đã ổn lên
file_0584.wav|một chút một chút dần dần qua từng ngày
file_0585.wav|cô cũng sẽ tiếp tục đón đọc và chia sẻ
file_0586.wav|với các bạn thông qua hòm thư ký gửi Vì
file_0587.wav|thế nên là những bạn nào mà chúng ta
file_0588.wav|đang chưa biết tỏ bày với ai thì các bạn
file_0589.wav|hãy gửi thư về cho chương trình để chúng
file_0590.wav|ta cùng nâng niu những cảm xúc của nhau
file_0591.wav|các bạn nhé
file_0592.wav|Và đó là những lá thư của chủ đề ngày
file_0593.wav|hôm nay tuần sau thì chúng ta sẽ cùng
file_0594.wav|tiếp tục gặp lại với những câu chuyện
file_0595.wav|với những lá thư và với những chủ đề mà
file_0596.wav|cô tin rằng cũng rất gần gũi với các bạn
file_0597.wav|các bạn nhé Nếu như mà các bạn Có điều
file_0598.wav|gì muốn nhắn nhủ tới những bạn đã gửi
file_0599.wav|thư hoặc là các bạn tìm thấy mình đâu đó
file_0600.wav|ở trong những câu chuyện của ngày hôm
file_0601.wav|nay thì hãy để lại bình luận để cùng cô
file_0602.wav|Sương Mai trò chuyện với các bạn này nha
file_0603.wav|cô cảm ơn các bạn vì đã gửi thư về cho
file_0604.wav|chương trình đã chia sẻ với cô và đã
file_0605.wav|đồng hành cùng cô về số radio đặc biệt
file_0606.wav|của ngày hôm nay đến tận những phút cuối
file_0607.wav|cùng bây giờ thì cũng khuya rồi Cô chúc
file_0608.wav|các bạn sẽ ngủ thật ngon sẽ tìm thấy
file_0609.wav|được những điểm tựa bình yên
file_0610.wav|và ngày mai sẽ là một ngày thật tốt đẹp
file_0611.wav|hãy tin vào điều đó các bạn nhé
file_0612.wav|Cảm ơn các bạn và chúc các bạn ngủ ngon
file_0613.wav|[âm nhạc]
file_0614.wav|Xin chào Chào mừng các bạn đã quay trở
file_0615.wav|lại với fanpage học văn cô Sương Mai và
file_0616.wav|kênh spotify học văn cô Dương mai như
file_0617.wav|thường lệ chúng ta lại gặp nhau vào tối
file_0618.wav|thứ Hai hàng tuần để cùng nhau trao gửi
file_0619.wav|những cảm xúc để cùng nhau đến với những
file_0620.wav|bức thư mà chương trình đã nhận được
file_0621.wav|trong tuần vừa qua về những câu chuyện
file_0622.wav|những tâm tư những nỗi buồn những cảm
file_0623.wav|xúc giấu kín chẳng biết tỏ về cùng ai
file_0624.wav|đến từ các bạn học sinh các bạn sinh
file_0625.wav|viên có thể đơn giản là các bạn đang tìm
file_0626.wav|kiếm một nơi nào đó để mình được trút ra
file_0627.wav|những cái nỗi lòng của mình bởi vì đâu
file_0628.wav|đó Những cái cảm xúc của chúng ta vẫn
file_0629.wav|đang cô đơn vẫn đang bơ vơ và không biết
file_0630.wav|là phải kể cho ai cũng không biết là
file_0631.wav|phải tìm đến nơi nào để có thể tìm thấy
file_0632.wav|được một sự ôm ấp và che chở Ít nhất đến
file_0633.wav|với hòm thư ký gửi những nỗi buồn cô
file_0634.wav|Xuân Mai và tất cả những người cùng làm
file_0635.wav|nên chương trình Nho Nhỏ này sẽ cố gắng
file_0636.wav|để có thể lắng nghe nâng đỡ và tìm đến
file_0637.wav|một nơi nào đó để chúng ta có thể cảm
file_0638.wav|thấy là mình được chia sẻ mình được
file_0639.wav|nương tựa và mình không thấy mình cô đơn
file_0640.wav|mình không thấy mình bơ vơ chủ đề của
file_0641.wav|chúng ta ngày hôm nay đó là
file_0642.wav|áp lực Đồng trang lứa một trạng thái cảm
file_0643.wav|xúc mà không phải là chỉ các bạn học
file_0644.wav|sinh sinh viên với đối diện đâu mà ở độ
file_0645.wav|tuổi nào ta cũng có thể trải qua áp lực
file_0646.wav|Đồng trang lứa ta cũng có thể cảm thấy
file_0647.wav|mình thất bại cũng có thể cảm thấy mình
file_0648.wav|nhỏ bé cũng có thể cảm thấy mình thua
file_0649.wav|kém cảm thấy mình chẳng là gì so với
file_0650.wav|những hào nhoáng mà người khác thể hiện
file_0651.wav|ra thấy rằng là bằng tuổi mình hoặc có
file_0652.wav|những cái điểm chung nhất định với mình
file_0653.wav|hoặc cùng xuất phát điểm với mình Họ đã
file_0654.wav|thành công họ đã thế này họ đã thế kia
file_0655.wav|còn Tại sao Mình vẫn cứ dậm chân tại chỗ
file_0656.wav|còn tại sao mình vẫn chưa trả lời được
file_0657.wav|những câu hỏi quan trọng còn tại sao
file_0658.wav|mình vẫn chưa đạt được những cái điều mà
file_0659.wav|mình mong muốn Vậy thì ngày hôm nay
file_0660.wav|chúng ta sẽ cùng đến với những lá thư mà
file_0661.wav|các bạn đã gửi về cho chương trình liên
file_0662.wav|quan tới chủ đề này biết đâu nhìn vào
file_0663.wav|câu chuyện của người khác ta sẽ tìm thấy
file_0664.wav|đâu đó chính bản thân mình và ta cũng sẽ
file_0665.wav|tìm ra được một câu trả lời nào đó mà
file_0666.wav|mình đang kiếm gì chúng ta sẽ cùng đến
file_0667.wav|với lá thư đầu tiên từ một bạn giấu tên
file_0668.wav|các bạn nhé
file_0669.wav|tuổi 17 có quá nhiều thứ em cảm thấy còn
file_0670.wav|bỡ ngỡ em đã cảm nhận được rõ áp lực
file_0671.wav|Đồng trang lứa thì bạn bè liên tục post
file_0672.wav|kết quả thi IELTS trong khi đó em chưa
file_0673.wav|có gì cả em đã gác lại việc học hành
file_0674.wav|chính chỉ tiếng Anh để cố gắng tập trung
file_0675.wav|ôn thi với mục tiêu mà em luôn mong ước
file_0676.wav|trở thành một thành viên của đội tuyển
file_0677.wav|học sinh giỏi quốc gia Nhưng điều này
file_0678.wav|thật khó bởi em biết có nhiều bạn cũng
file_0679.wav|mơ ước và khao khát như mình em đã nghĩ
file_0680.wav|nếu mình chẳng thể hoàn thành một trong
file_0681.wav|hai dự định trên Em sẽ cố gắng để học và
file_0682.wav|ôn thi giành lấy tấm vé vào trường đại
file_0683.wav|học mà em mong ước bằng điểm thi Trung
file_0684.wav|học Phổ thông Quốc gia nhưng việc học
file_0685.wav|đội tuyển hiện tại khiến em trì trệ việc
file_0686.wav|ôn thi 4 môn chính em muốn được đi du
file_0687.wav|học được một lần đặt chân đến nước Nga
file_0688.wav|tươi đẹp hoặc chí ít Em cũng muốn trở
file_0689.wav|thành tân sinh viên K50 của Học viện
file_0690.wav|Ngoại Giao Nhưng em cảm thấy mọi kế
file_0691.wav|hoạch của mình đều dang dở
file_0692.wav|lịch sự vô cùng lo lắng vì không biết
file_0693.wav|Liệu mình có cơ hội được học tại ngôi
file_0694.wav|trường mà mình học mong ước bấy lâu nay
file_0695.wav|hay không cái bút Em thực sự bất lực
file_0696.wav|thậm chí kiệt sức Em cảm ơn cô sương mai
file_0697.wav|vì đã cho em cơ hội gửi gắm nỗi buồn và
file_0698.wav|hòm thư này cô cũng rất là cảm ơn em bởi
file_0699.wav|vì em đã tin tưởng lựa chọn hỏng thư ký
file_0700.wav|gửi những tâm sự của học văn cô Xuân Mai
file_0701.wav|để kể câu chuyện của mình thực sự thì
file_0702.wav|khi mà cô đọc câu chuyện của bạn thì cô
file_0703.wav|cũng nghĩ tới cô ở thời điểm của năm lớp
file_0704.wav|12 bởi vì năm đó cô cũng có một cái điểm
file_0705.wav|giống bạn đấy là cô dồn toàn bộ tâm trí
file_0706.wav|của mình và toàn bộ cái niềm tin của
file_0707.wav|mình vào kỳ thi học sinh giỏi quốc gia
file_0708.wav|cô đặc mục tiêu là mình sẽ có giải và
file_0709.wav|lúc đấy mình sẽ được tuyển thẳng hoặc là
file_0710.wav|mình sẽ chỉ cần thi qua điểm sàn để vào
file_0711.wav|được trường mình thích thôi mà trường mà
file_0712.wav|cô thích năm đấy là trường Học viện Báo
file_0713.wav|chí và Tuyên truyền thì nếu mà có giải
file_0714.wav|quốc gia môn văn là được tuyển thẳng vào
file_0715.wav|luôn nên là khi mà mọi thứ nó không diễn
file_0716.wav|ra đúng như ý mình muốn khi mà mình phải
file_0717.wav|quay trở lại với cả một cái sự lựa chọn
file_0718.wav|ban đầu đấy là phải thi đại học phải thi
file_0719.wav|trung học phổ thông quốc gia như tất là
file_0720.wav|các bạn khác ở một thời điểm mà các bạn
file_0721.wav|đã cố gắng và đã đi được một cái đoạn
file_0722.wav|đường dài rồi còn lúc đấy là học kì 2
file_0723.wav|lớp 12 mình mới bắt đầu ôn thi lại có
file_0724.wav|thể nói là ôn thi lại Bởi vì mình đã bỏ
file_0725.wav|bẵng đi tất cả các môn khác Lúc đấy thậm
file_0726.wav|chí là cô còn suy nghĩ là bây giờ mình
file_0727.wav|thi khối D Hay là mình thi khối C và
file_0728.wav|cuối cùng là cô đã ôn thi khối C Nghĩa
file_0729.wav|là ôn thi Văn sử và Địa năm Đấy là toàn
file_0730.wav|bộ tất cả các môn vẫn thi theo hình thức
file_0731.wav|là tự luận chứ không thi theo hình thức
file_0732.wav|của các bạn bây giờ và lúc đầu cô rất là
file_0733.wav|hoang mang Bởi vì cô Không biết rằng là
file_0734.wav|mình mình có làm được hay không Mình cảm
file_0735.wav|thấy mình mất niềm tin mình cảm thấy là
file_0736.wav|những cái khoảng thời gian trước đó của
file_0737.wav|mình có phải là vô nghĩa hay không Khi
file_0738.wav|mà mình chỉ ôn thi học sinh giỏi mình
file_0739.wav|Học mỗi Văn thôi mà văn thi học sinh
file_0740.wav|giỏi nó còn khác với cả Văn thi đại học
file_0741.wav|cơ nhưng rồi Cuối cùng thì trải qua
file_0742.wav|những cái ngày mà mình thấy mình chìm
file_0743.wav|vào trong đêm tối của sự thất vọng đấy
file_0744.wav|mình đã mở lòng mình ra hơn để đón nhận
file_0745.wav|những sự động viên đến từ các bạn xung
file_0746.wav|quanh đến từ thầy cô và gia đình cũng
file_0747.wav|như là
file_0748.wav|đón nhận cái sự an ủi và động viên từ
file_0749.wav|chính bản thân mình
file_0750.wav|bởi vì lúc đấy cô nhận ra là nếu như mà
file_0751.wav|mình tiếp tục để cho mình rơi vào cái
file_0752.wav|tâm lý như vậy mình tiếp tục trách bản
file_0753.wav|thân và thất vọng về bản thân thì mình
file_0754.wav|sẽ không chỉ đối diện với một thất bại
file_0755.wav|mà mình sẽ tiếp tục phải thất bại nhiều
file_0756.wav|hơn nữa mình không muốn như vậy thế nên
file_0757.wav|là cô đã lấy cái thất bại đầu tiên của
file_0758.wav|năm học đó việc mà không được học sinh
file_0759.wav|giỏi quốc gia như là mình dự định để
file_0760.wav|mình dồn tâm sức cho điều gì mình dồn
file_0761.wav|tâm sức cho cái mục tiêu mới cho kế
file_0762.wav|hoạch mới có lên lại lộ trình cô xin học
file_0763.wav|thêm các thầy cô cô Ôn tập lại cô Luyện
file_0764.wav|đề thật nhiều cô dành
file_0765.wav|gọi là sự tập trung của mình rất là lớn
file_0766.wav|và cái quyết tâm cao của mình một lần
file_0767.wav|nữa cho kỳ thi trung học phổ thông quốc
file_0768.wav|gia và cuối cùng thì cô đã đạt được cái
file_0769.wav|mục tiêu mà mình mong muốn và trở thành
file_0770.wav|một tân sinh viên của môi trường mà mình
file_0771.wav|đã chờ đợi rất là lâu và cô tin rằng là
file_0772.wav|em hoàn toàn có thể làm được như vậy
file_0773.wav|thậm chí là có thể làm được tốt hơn như
file_0774.wav|thế bởi vì mọi thử thách là để chúng ta
file_0775.wav|trưởng thành hơn và thất bại là mẹ thành
file_0776.wav|công đúng không một câu nói rất cũ thôi
file_0777.wav|Nhưng mà thực ra nó rất là đúng mỗi sự
file_0778.wav|thất bại mà chúng ta có trong đời nó sẽ
file_0779.wav|làm cái nấc thang để ta dần dần đi lên
file_0780.wav|được một cái bậc cao hơn nữa nếu mà
file_0781.wav|chúng ta thành công ngay từ đầu có thể
file_0782.wav|nó sẽ là cái giới hạn của mình còn khi
file_0783.wav|chúng ta thất bại chúng ta sẽ có điểm
file_0784.wav|tựa để chúng ta bước lên cao hơn cô luôn
file_0785.wav|luôn có một niềm tin như vậy và sau khi
file_0786.wav|đã trải qua rất là nhiều những cái lần
file_0787.wav|thất bại trong cuộc đời thì cô nhận ra
file_0788.wav|rằng là sau mỗi lần thất bại đấy thì
file_0789.wav|mình sẽ học được thêm nhiều bài học và
file_0790.wav|mình sẽ tiến lên xa hơn nữa mình lại mở
file_0791.wav|rộng được tiềm năng và khám phá được bản
file_0792.wav|thân mình sau hơn nữa và sẽ có một ngày
file_0793.wav|em sẽ cảm ơn những cái thất bại mà mình
file_0794.wav|đã từng có bởi vì nó cho mình bản lĩnh
file_0795.wav|và sự mạnh mẽ để mình
file_0796.wav|cố gắng hoàn thiện mình nhiều hơn có thể
file_0797.wav|thời điểm là em đang cảm thấy Hoang Mang
file_0798.wav|bởi vì mình đã ôm đồm quá là nhiều kế
file_0799.wav|hoạch Bây giờ em có thể sắp xếp lại các
file_0800.wav|cái mục tiêu của mình sắp xếp lại các kế
file_0801.wav|hoạch của mình và làm mọi thứ nó thật là
file_0802.wav|khoa học thay vì là mình chồng chất
file_0803.wav|nhiều thứ cùng vào một lúc thì bây giờ
file_0804.wav|mình phân chia nó ra mình chia những cái
file_0805.wav|lộ trình chia giai đoạn và chia những
file_0806.wav|mục tiêu của mình ra ứng với cả những
file_0807.wav|cái kế hoạch để mình có thể nếu mà thực
file_0808.wav|sự muốn làm nhiều thứ cùng một lúc thì
file_0809.wav|để mình có thể là mình sẽ làm mọi thứ ở
file_0810.wav|một cái phương diện tốt nhất bởi vì nếu
file_0811.wav|không rất có thể sẽ là gì sẽ là mình ôm
file_0812.wav|đồm tất cả nhưng rồi cuối cùng là mọi
file_0813.wav|thứ nó đều Lỡ rồi bởi vì mình không thực
file_0814.wav|sự trọn vẹn và quyết tâm được đến cùng
file_0815.wav|với điều gì cả Thì đấy là câu hỏi là bài
file_0816.wav|toán mà tự bản thân em phải xem là mình
file_0817.wav|sẽ làm như thế nào là mình sẽ chọn gì và
file_0818.wav|khi mình đã chọn điều gì rồi thì mình sẽ
file_0819.wav|cố gắng hết sức mình cho điều đó Bởi vì
file_0820.wav|cố gắng hết sức là cái cách duy nhất để
file_0821.wav|mình không phải đùa tiếp điều gì Sau này
file_0822.wav|thì cô thấy rằng là cái điều mà mình
file_0823.wav|nuối tiếc không phải là bởi vì mình đã
file_0824.wav|không đạt được mục tiêu ban đầu mà là
file_0825.wav|bởi vì mình đã không nỗ lực hết mình
file_0826.wav|mình chỉ nuối tiếc khi mà mình không nỗ
file_0827.wav|lực hết mình thôi còn trong cái quá
file_0828.wav|trình em cố gắng kể cả em không đạt được
file_0829.wav|tới cái đích mà em đã đặt ra ban đầu em
file_0830.wav|vẫn có được rất là nhiều những cái phần
file_0831.wav|quà kỳ diệu trong từng khoảnh khắc em
file_0832.wav|sống trọn vẹn về cái mục tiêu và ước mơ
file_0833.wav|mà mình đã đặt ra cô tin là như vậy thế
file_0834.wav|nên là dù ước mơ là à mình sẽ là một học
file_0835.wav|sinh giỏi quốc gia hay mục tiêu của mình
file_0836.wav|là mình trở thành tân sinh viên của Học
file_0837.wav|viện Ngoại giao bây giờ nhiệm vụ của em
file_0838.wav|em xác định mục tiêu cho mình và em cố
file_0839.wav|gắng hết mình để em đi trên con đường đó
file_0840.wav|vững tin về sự lựa chọn của mình và cô
file_0841.wav|tin rằng là dù kết quả cuối cùng là có
file_0842.wav|như thế nào để chăng nữa em sẽ nhận được
file_0843.wav|rất nhiều bài học và em sẽ trở thành một
file_0844.wav|phiên bản tốt hơn của chính mình cô mong
file_0845.wav|rằng là em hãy cân bằng cảm xúc đối
file_0846.wav|thoại với mình và tìm cho mình được một
file_0847.wav|cái sự lựa chọn nào đó phù hợp nhất cố
file_0848.wav|gắng lên nhé
file_0849.wav|lá thư tiếp theo đến từ một bạn học sinh
file_0850.wav|cũng là học sinh cuối cấp Tuy nhiên là
file_0851.wav|không phải là lớp 12 mà là một bạn học
file_0852.wav|sinh lớp 9 đó là bạn để nickname là
file_0853.wav|Teresa tăng bạn có chia sẻ như thế này
file_0854.wav|chúng ta cùng lắng nghe nhé
file_0855.wav|Chưa bao giờ em cảm thấy áp lực như thế
file_0856.wav|này trong khi mọi người đang cố gắng học
file_0857.wav|tập thì em lại vui chơi lâu đãi việc học
file_0858.wav|hành đến bây giờ em mới nhận ra mình đã
file_0859.wav|quá lãng phí thời gian cho nhiều việc vô
file_0860.wav|nghĩa Em hối hận vô cùng bây giờ em chỉ
file_0861.wav|muốn quay lại những tháng ngày em đã
file_0862.wav|lãng phí đi mất năm nay là năm học cuối
file_0863.wav|cấp 2 của em bước vào năm học mới em cảm
file_0864.wav|thấy tụt lại so với bạn bè đồng trang
file_0865.wav|lứa vì trong suốt mùa hè vừa qua các bạn
file_0866.wav|học để chuẩn bị cho năm lớp 9 còn mình
file_0867.wav|thì mãi vui chơi chat chít cùng bạn bè
file_0868.wav|môn học mà em từng giỏi nhất bây giờ em
file_0869.wav|lại sai những lỗi nhỏ nhặt không đáng để
file_0870.wav|sai em luôn có cảm giác tội lỗi và dằn
file_0871.wav|vặt chính mình em không biết ngay lúc
file_0872.wav|này phải làm như thế nào em như bị mất
file_0873.wav|phương hướng Giữa Biển Người Cô có thể
file_0874.wav|cho em lời khuyên được không ạ Cô cảm ơn
file_0875.wav|bạn Teresa đã chia sẻ một cách rất là
file_0876.wav|chân thành cô thấy rằng là cái điểm sáng
file_0877.wav|trong câu chuyện của em lúc này đó là em
file_0878.wav|nhận ra được rằng là mình đã lãng phí
file_0879.wav|thời gian em nhận ra được rằng là mình
file_0880.wav|đã có những cái điểm sai có những cái
file_0881.wav|bước lùi của mình trong quá khứ thế
file_0882.wav|nhưng mà bây giờ cái mong muốn của mình
file_0883.wav|đấy là mình lộn ngược lại thời gian quay
file_0884.wav|trở lại thời điểm cũ để không lãng phí
file_0885.wav|những người khác đã có thì đấy là một
file_0886.wav|cái mong muốn mà vượt quyền tạo hóa đúng
file_0887.wav|không chúng ta không thể nào mà quay
file_0888.wav|ngược thời gian được thế nên là nhiệm vụ
file_0889.wav|của chúng ta bây giờ để mình không còn
file_0890.wav|dằn vặt và trách móc bản thân nữa đó là
file_0891.wav|phải cố gắng cho hiện tại và tương lai
file_0892.wav|để bù lại những cái thiếu sót của quá
file_0893.wav|khứ cô nghĩ rằng Đấy là cách tốt nhất để
file_0894.wav|mình khắc phục những hậu quả mà chính
file_0895.wav|mình đã tạo nên bởi vì mình có trách
file_0896.wav|nhiệm lớn nhất với cuộc đời của mình
file_0897.wav|mình cũng không thể nào mà trách ai được
file_0898.wav|đúng không Và ở đây Em tin chắc kỷ hậu
file_0899.wav|trách nhân là đúng rồi em nhìn nhận lại
file_0900.wav|những cái thiếu sót của mình và những
file_0901.wav|cái phút mải mê ham chơi của mình là
file_0902.wav|đúng rồi Vậy thì bây giờ nhiệm vụ của
file_0903.wav|chúng ta là dừng trách móc bởi vì mình
file_0904.wav|đã chắc đủ Mình đã tiên trách kỷ đủ rồi
file_0905.wav|mình đã nhìn nhận sai lầm đủ rồi Mình đã
file_0906.wav|nhận thức được mình thiếu sót ở đâu đủ
file_0907.wav|rồi và bây giờ tại đến bước tiếp theo đó
file_0908.wav|là gì đó là ta lên kế hoạch của thời
file_0909.wav|điểm này không bao giờ là quá muộn nhất
file_0910.wav|là bây giờ nếu mà nói là quá muộn thì
file_0911.wav|cũng không phải đâu bởi vì học kì 1 mới
file_0912.wav|sắp kết thúc thôi nghĩa là em còn cái
file_0913.wav|khoảng thời gian cuối hoặc kỳ 1 này cũng
file_0914.wav|như học kỳ 2 để em xốc lại tinh thần và
file_0915.wav|để em lộn ngược dòng hoàn toàn có thể
file_0916.wav|tạo nên những kỳ tích thậm chí là ở
file_0917.wav|những phút cuối cùng người ta có thể tạo
file_0918.wav|nên kỳ tích vậy thì mình vẫn còn đủ thời
file_0919.wav|gian để mình làm lại mà đúng không em
file_0920.wav|hãy cố gắng làm xốc lại tinh thần điều
file_0921.wav|đó em lên lại một cái lộ trình học tập
file_0922.wav|em xác định lại cái năng lực của mình
file_0923.wav|hiện tại cũng như là mục tiêu mà mình
file_0924.wav|hướng tới nếu như mà kế hoạch lộ trình
file_0925.wav|mà mình khó đặt ra mình có thể tham khảo
file_0926.wav|ý kiến của gia đình thầy cô bạn bè để
file_0927.wav|mình lên một cái lộ trình học tập phù
file_0928.wav|hợp với cả thực học lực của mình hiện
file_0929.wav|tại rồi từ đó thì mình gì mình bám sát
file_0930.wav|vào cái điều đấy Hãy lấy chính những cái
file_0931.wav|sai lầm của mình trong quá khứ lấy chính
file_0932.wav|cái ăn năn hối hận của em bây giờ để mà
file_0933.wav|gì để mà mình quyết tâm theo cái mục
file_0934.wav|tiêu đấy Không cần phải gọi là làm
file_0935.wav|tự trách mình quá là lâu bởi vì tự trách
file_0936.wav|mình làm cái tốt nhưng mà tự trách mình
file_0937.wav|quá lâu có thể khiến cho mình bị chìm
file_0938.wav|đắm trong cái cảm giác hối hận đấy đến
file_0939.wav|mức mà mình mình không cố gắng nữa mình
file_0940.wav|không tiếp tục nữa Mình dừng lại bây giờ
file_0941.wav|mình dừng lại thì mình mới thực sự thất
file_0942.wav|bại còn nếu mình đứng dậy mà mình bước
file_0943.wav|tiếp thì mình vẫn có thể thành công và
file_0944.wav|mình vẫn có thể tỏa sáng theo cách mà
file_0945.wav|mình muốn và đó là điều mà cô nghĩ rằng
file_0946.wav|là terrace
file_0947.wav|ở thời điểm này và cô tin rằng là em
file_0948.wav|dũng cảm bản lĩnh và mạnh mẽ hơn em nghĩ
file_0949.wav|rất nhiều em hoàn toàn có thể làm được
file_0950.wav|những gì mà cô vừa nói thế nên là hãy
file_0951.wav|đứng dậy và bước tiếp đừng lãng phí thêm
file_0952.wav|thời gian nữa nhé mình đã nhìn nhận lại
file_0953.wav|mình đủ rồi cô tin rằng là em đã rất
file_0954.wav|trưởng thành khi nhận ra sai lầm của
file_0955.wav|mình
file_0956.wav|hãy tiến lên hãy tiếp tục nhé cô mong
file_0957.wav|rằng bạn terrisa tăng sẽ có khoảng thời
file_0958.wav|gian còn lại thực sự ý nghĩa của năm lớp
file_0959.wav|9 và sẽ lội ngược dòng để đạt được những
file_0960.wav|cái mục tiêu mà mình đặt ra Em có thể
file_0961.wav|nhìn vào sự nỗ lực của các bạn để coi đó
file_0962.wav|như một động lực phấn đấu nhé đôi lúc
file_0963.wav|cái áp lực Đồng trang lứa việc là à các
file_0964.wav|bạn đang học rất là chăm nó cũng có một
file_0965.wav|cái ích lợi đấy là mình nhìn vào đó để
file_0966.wav|mình gì để mình không lười biếng để mình
file_0967.wav|không tiếp tục chuyển khoản nữa
file_0968.wav|Mong rằng là em sẽ có một năm học gặp
file_0969.wav|một kết quả thi vào cấp 3 thật là thành
file_0970.wav|công
file_0971.wav|tiếp theo chúng ta đến với câu chuyện
file_0972.wav|của bạn Linh Cô ơi em thấy nản quá em
file_0973.wav|thấy áp lực lớp 12 thực sự rất áp lực em
file_0974.wav|thấy mình không bằng bạn bè không thể
file_0975.wav|hòa nhập với lớp mới dù đã rất cố gắng
file_0976.wav|lớp 10 11 Em tự tin trước đám đông nhưng
file_0977.wav|bây giờ lại cảm thấy run sợ người mà em
file_0978.wav|coi là bạn thân giờ lại dần rời xa em
file_0979.wav|không chơi với em Không lẽ do không học
file_0980.wav|cùng nhau nên thế ạ Hay là do em suy
file_0981.wav|nghĩ quá nhiều ạ đôi lúc em cảm thấy cô
file_0982.wav|đơn lúc em muốn tâm sự Hay có chuyện gì
file_0983.wav|vui muốn kể cho bạn thân nghe nhưng nhìn
file_0984.wav|lại các bạn em đã có bạn thân mới rồi em
file_0985.wav|có rất nhiều điều muốn nói nhưng chỉ
file_0986.wav|biết biết đến đây thôi Em cảm ơn cô đã
file_0987.wav|lắng nghe Cô cảm ơn Linh Vì đã chia sẻ
file_0988.wav|về cho chương trình Mặc dù là em viết
file_0989.wav|rất là ngắn gọn thôi nhưng mà giống như
file_0990.wav|là em đã nói cô nghĩ rằng là câu chuyện
file_0991.wav|của em cảm xúc của em và sự bối rối của
file_0992.wav|em nó nhiều hơn rất là nhiều và có lẽ là
file_0993.wav|câu chuyện này của em thì phù hợp với cả
file_0994.wav|cái đề tài tuần trước của chúng ta hơn
file_0995.wav|nữa đúng không Đó là áp lực về những mối
file_0996.wav|quan hệ Nếu như mà em chưa nghe số radio
file_0997.wav|trạm của Thứ hai tuần trước thì cô nghĩ
file_0998.wav|rằng em có thể dành thời gian trước khi
file_0999.wav|đi ngủ mình bật lên nghe nghe câu chuyện
file_1000.wav|của những bạn khác nghe những cái bối
file_1001.wav|rối trong các mối quan hệ tình bạn tình
file_1002.wav|yêu của các bạn khác cũng là một cách để
file_1003.wav|chúng ta có thể biết đâu tìm được câu
file_1004.wav|trả lời cho mình đúng không với câu
file_1005.wav|chuyện của em thì cô nghĩ rằng là em
file_1006.wav|cũng đang bỡ ngỡ chủ yếu đến từ hoàn
file_1007.wav|cảnh đấy là em phải làm quen với lớp mới
file_1008.wav|ở một thời điểm rất nhạy cảm đó là năm
file_1009.wav|lớp 12 năm cuối cấp năm mà có rất nhiều
file_1010.wav|những dự định rất nhiều những mục tiêu
file_1011.wav|và nhiều những cái áp lực đến từ việc
file_1012.wav|học tập và thi cử mà mình lại còn thêm
file_1013.wav|một áp lực đó là mình phải làm quen với
file_1014.wav|môi trường hoàn toàn mới nữa nhưng mà cô
file_1015.wav|nghĩ rằng là nó là một cái sự bối rối
file_1016.wav|nhất thời thôi và cần một cái thời gian
file_1017.wav|nhất định Để em bình tĩnh quan sát và
file_1018.wav|thích nghi với hoàn cảnh bởi vì trước
file_1019.wav|đây em vốn là một bạn tự tin như em đã
file_1020.wav|chia sẻ thì cô nghĩ rằng là sự tự tin đó
file_1021.wav|nó chỉ đang gọi là tạo tắt thôi chứ
file_1022.wav|không phải là nó biến mất đâu nó tạo tác
file_1023.wav|là bởi vì em bị bối rối trước hoàn cảnh
file_1024.wav|mới em bị bối rối trước quá nhiều người
file_1025.wav|mới em bị bối rối trước những áp lực mới
file_1026.wav|chứ còn thực ra là gì là bên trong em
file_1027.wav|vẫn là một người tự tin thân thiện và
file_1028.wav|dòng nguồn năng lượng tích cực điều quan
file_1029.wav|trọng bây giờ đấy là à Em hãy chậm lại
file_1030.wav|một bước em hãy bình tĩnh hơn em hãy
file_1031.wav|điểm đạm quan sát xung quanh hãy nhận
file_1032.wav|định về tình hình Hãy xem là lớp mới bạn
file_1033.wav|mới thầy cô mới ngôi trường mới là một
file_1034.wav|môi trường như thế nào khi mà mình đã
file_1035.wav|đọc kỹ cái tình hình đấy thì mình bắt
file_1036.wav|đầu tìm cách để mình hòa nhập cô tin là
file_1037.wav|sự tự tin ở bên trong em sẽ giúp em tìm
file_1038.wav|được một cách phù hợp nhất để em sẽ
file_1039.wav|không có cảm giác mình bị lạc lõng Lạc
file_1040.wav|Loài bơ vơ nữa mà sẽ kết nối được với
file_1041.wav|bạn bè của em ở môi trường mới cô tin là
file_1042.wav|em có thể làm được chỉ là bây giờ mình
file_1043.wav|đang sợ và mình đang bối rối nên mình
file_1044.wav|chưa tìm cách thôi Còn đối với câu
file_1045.wav|chuyện của bạn thân ở trường cũ thì như
file_1046.wav|cô cũng từng nói ở radio về các mối quan
file_1047.wav|hệ cô nghĩ rằng là khi mà các em đã rất
file_1048.wav|là thân nhau và rất là hiểu nhau thì mối
file_1049.wav|quan hệ này sẽ không bao giờ mất đi nếu
file_1050.wav|em thực sự muốn trân quý mối quan hệ đó
file_1051.wav|thì em hãy cố gắng chủ động để giữ gìn
file_1052.wav|Còn khi mà mình đã rất chủ động cố gắng
file_1053.wav|để giữ gìn mối quan hệ đấy nhưng người
file_1054.wav|ta lại lạnh lùng người ta lại thường ô
file_1055.wav|người ta lại không trân trọng những cảm
file_1056.wav|xúc của mình thì mình hãy nghĩ một cách
file_1057.wav|nhẹ nhàng và đơn giản đó là có lẽ mình
file_1058.wav|đang chưa có đủ duyên để mình bước tiếp
file_1059.wav|cùng với nhau bởi vì những điều mà không
file_1060.wav|thuộc về mình và những người không thực
file_1061.wav|sự thương mình thì cô nghĩ rằng mình
file_1062.wav|không thể cưỡng cầu được đúng không Mình
file_1063.wav|sẽ rất buồn nhưng mà mình biết về điều
file_1064.wav|đó để mà mình có những sự lựa chọn mới
file_1065.wav|để mình không đắm chìm vào những cái
file_1066.wav|điều cũ bởi đôi khi cứ lạc trong những
file_1067.wav|điều cũ sẽ khiến cho mình không thể tìm
file_1068.wav|được những điều mới hơn vậy nên cô nghĩ
file_1069.wav|rằng là
file_1070.wav|câu chuyện này em có thể thử như vậy xem
file_1071.wav|có lẽ là những cái lời khuyên này nó vẫn
file_1072.wav|là những cái lời đến từ bên ngoài thôi
file_1073.wav|còn cô nghĩ là cộng hưởng với chính bản
file_1074.wav|thân em xem xét về tình hình của mình và
file_1075.wav|Tìm kiếm câu trả lời ở bên trong mình
file_1076.wav|thì em sẽ biết là em cần phải làm gì
file_1077.wav|càng những lúc rối thì mình càng phải
file_1078.wav|chậm lại Bởi vì càng cuống thì mình lại
file_1079.wav|càng dễ đưa ra sự lựa chọn sai lầm cô
file_1080.wav|mong rằng Linh sẽ sớm có thể cân bằng
file_1081.wav|được cảm xúc của mình và tìm được một
file_1082.wav|cái điểm tựa bình yên nào đó ở môi
file_1083.wav|trường mới và cũng mong em và bạn thân
file_1084.wav|của mình có thể sẽ tìm lại được tiếng
file_1085.wav|nói chung Linh nhé
file_1086.wav|Và đó là một vài bức thư cô đã lựa chọn
file_1087.wav|đưa vào trong chương trình ngày hôm nay
file_1088.wav|để có thể gửi gắm với các bạn gửi thư
file_1089.wav|cũng như là chia sẻ tâm tư với tất cả
file_1090.wav|những bạn khán thính giả và cũng mong
file_1091.wav|rằng các bạn có thể tiếp tục gửi thư về
file_1092.wav|cho chương trình ở dưới đường link để ở
file_1093.wav|phần comment để ta có thể tiếp tục trò
file_1094.wav|chuyện lắng nghe kết nối với nhau các
file_1095.wav|bạn nhé cô nghĩ rằng là có thể sẽ có
file_1096.wav|những số radio hoặc là có những bức thư
file_1097.wav|các bạn gửi về mà các bạn thấy rằng là
file_1098.wav|cô chưa đưa ra được lời khuyên mà các
file_1099.wav|bạn cần nhưng ít nhất khi mình viết ra
file_1100.wav|và khi có một ai đó lắng nghe mình khi
file_1101.wav|mình được ký gửi tạm thời cảm xúc thì
file_1102.wav|phần nào đó mình cũng sẽ cảm thấy nhẹ
file_1103.wav|nhõm hơn đó là điều mà cô mong muốn cô
file_1104.wav|cảm ơn các bạn vì đã đồng hành cùng cô
file_1105.wav|Tương may trong số radio của ngày hôm
file_1106.wav|nay còn bây giờ thì xin chào và hẹn gặp
file_1107.wav|lại các bạn trong những số tiếp theo
file_1108.wav|cũng như là những nội dung tiếp theo ở
file_1109.wav|trên fanpage và trên kênh spotify học
file_1110.wav|văn cô Xuân Mai còn bây giờ thì chúc các
file_1111.wav|bạn ngủ thật ngon và hãy mạnh mẽ hãy
file_1112.wav|nhạy cảm hãy dịu dàng để đối diện với
file_1113.wav|những áp lực và có được cho mình những
file_1114.wav|tháng ngày đáng nhớ nhất các bạn nhé Tạm
file_1115.wav|biệt Chúc các bạn có một tuần mới thật
file_1116.wav|Xin chào Chào mừng các bạn đã quay trở
file_1117.wav|lại với fanpage và với kênh spotify học
file_1118.wav|văn cô Sương Mai Vậy là một tuần nữa đã
file_1119.wav|lại trôi qua rồi và chúng ta lại gặp
file_1120.wav|nhau trong chuyên mục radio của đầu tuần
file_1121.wav|một chuyên mục sẽ khá là đặc biệt khi mà
file_1122.wav|được lên sóng vào 11 giờ đêm tối thứ hai
file_1123.wav|tối đầu tuần nơi chúng ta sẽ cùng chạm
file_1124.wav|vào những cảm xúc mà có thể các bạn đang
file_1125.wav|không có nơi nào để sẻ chia chúng ta sẽ
file_1126.wav|cùng tới với hòm thư ký gửi những nỗi
file_1127.wav|buồn của tuần vừa qua và cùng trò chuyện
file_1128.wav|với những tâm tư tình cảm mà các bạn học
file_1129.wav|sinh sinh viên đã gửi về cho chương
file_1130.wav|trình nhé các bạn đừng quên là các bạn
file_1131.wav|cũng có thể trở thành những người nhắn
file_1132.wav|gửi những người kể chuyện những người
file_1133.wav|bộc bạch những tâm tư bằng cách là truy
file_1134.wav|cập vào đường link ở ngay dưới video này
file_1135.wav|được đăng tải ở trên fanpage học văn cô
file_1136.wav|sương mai để chia sẻ câu chuyện của mình
file_1137.wav|các bạn có thể chia sẻ bằng tên thật
file_1138.wav|hoặc là lựa chọn cách ẩn danh đều được
file_1139.wav|các bạn nhé chương trình sẽ lựa chọn các
file_1140.wav|câu chuyện và các bức thư theo những chủ
file_1141.wav|đề riêng để từ đó có thể gửi gắm đến với
file_1142.wav|những bạn gửi thư và cả những bạn đang
file_1143.wav|lắng nghe những thông điệp mà sương mai
file_1144.wav|nghĩ rằng là nó bình dị thôi nhưng mà
file_1145.wav|đôi khi chúng ta cần một điều bình dị
file_1146.wav|như thế và chủ đề của chúng ta ngày hôm
file_1147.wav|nay đó là thi lại và những áp lực
file_1148.wav|trong thời gian vừa qua khi mà mở hòm
file_1149.wav|thư thì hòm thư ký gửi cũng nhận được
file_1150.wav|rất là nhiều những bức thư đến từ những
file_1151.wav|bạn mà đã không may mắn nhận được kết
file_1152.wav|quả tốt trong năm thi vừa rồi và hoặc là
file_1153.wav|đang phân vân giữa việc là thi lại hay
file_1154.wav|là không Hoặc là đã quyết định thi lại
file_1155.wav|nhưng mà vẫn phải đối diện với rất là
file_1156.wav|nhiều những cái khó khăn nhiều những sự
file_1157.wav|cản trở và nhiều những cái áp lực Cả có
file_1158.wav|tên và cả vô hình vậy thì ngày hôm nay
file_1159.wav|ta sẽ cùng đến với những câu chuyện đó
file_1160.wav|và cùng xem là các bạn ấy đang cảm thấy
file_1161.wav|như thế nào biết đâu Bạn cũng sẽ tìm
file_1162.wav|thấy một chút nào đó của mình trong
file_1163.wav|những tâm tư của ngày hôm nay là thư đầu
file_1164.wav|tiên đến từ một bạn giấu tên
file_1165.wav|Thưa cô em là một thí sinh tự do câu
file_1166.wav|chuyện trước tiên phải kể từ năm còn học
file_1167.wav|lớp 12 lúc đó em vẫn đang phân vân cũng
file_1168.wav|như chưa tìm được ngành với trường thích
file_1169.wav|hợp mình đến lúc nhận ra trường mình yêu
file_1170.wav|thích thì đã quá muộn
file_1171.wav|em muốn đăng ký trường Sĩ quan Chính trị
file_1172.wav|em cảm thấy rất tiếc vì đã nhận ra muộn
file_1173.wav|nên đã quyết định dành một năm để ôn thi
file_1174.wav|lại thế nhưng kết quả không như mong
file_1175.wav|muốn em đã trượt gia đình và họ hàng mất
file_1176.wav|niềm tin vào em họ buông những lời cay
file_1177.wav|đắng này nọ Họ nói rằng Sao mày không đi
file_1178.wav|học đại học để kiếm một cái bằng Sau này
file_1179.wav|có công việc nhàn hơn Thật ra em cũng
file_1180.wav|muốn thế nhưng do em không thích với
file_1181.wav|không có tâm tư đặt vào những ngành hay
file_1182.wav|những trường mà mình không thích một lý
file_1183.wav|do nữa em muốn thi vào trường quân đội
file_1184.wav|đó là em không muốn bố mẹ đi làm kiếm
file_1185.wav|đồng tiền vất vả nuôi em học đại học có
file_1186.wav|lúc bố mẹ ốm đau vẫn cứ cố gắng làm việc
file_1187.wav|để kiếm đồng tiền nếu em thi đỗ vào
file_1188.wav|trường quân đội bố mẹ sẽ đỡ vất vả nuôi
file_1189.wav|em học đại học nhưng họ không hiểu được
file_1190.wav|ý của em cũng không hiểu ước mơ của em
file_1191.wav|khi nghe em nói muốn ôn thi thêm một năm
file_1192.wav|nữa để vào quân đội họ đã ngăn không cho
file_1193.wav|thi lại vì họ nghĩ em không đủ năng lực
file_1194.wav|Bởi vì em đã trượt một lần rồi mà em Cố
file_1195.wav|giải thích nhưng không một ai nghe từ
file_1196.wav|gia đình họ hàng hàng xóm họ đều dành
file_1197.wav|những lời cay đắng thậm chí chê cười em
file_1198.wav|vì thi trượt làm cho em rất áp lực chán
file_1199.wav|nản nên giờ em đang bắt đầu ôn giấu mọi
file_1200.wav|người không cho ai biết ý định thi lại
file_1201.wav|của mình Em rất mong năm sau có thể bước
file_1202.wav|vào môi trường ao ước là sĩ quan chính
file_1203.wav|trị khoác lên mình bộ quân phục em tin
file_1204.wav|mọi người sẽ làm được thì em cũng sẽ làm
file_1205.wav|được em đã rất buồn áp lực trong quá
file_1206.wav|trình ôn không biết chia sẻ với ai rất
file_1207.wav|may cô đã mở hòm thư này để những người
file_1208.wav|như em có thể chia sẻ tâm sự của mình có
file_1209.wav|thể trong quá trình viết em sẽ sai một
file_1210.wav|số lỗi chính tả em mong cô có thể bỏ qua
file_1211.wav|em xin chân thành cảm ơn đầu tiên thì cô
file_1212.wav|cũng muốn được gửi lời cảm ơn và chia sẻ
file_1213.wav|tới bạn mà đã đưa ra những cái tâm tư
file_1214.wav|tình cảm của mình cũng như là đặt ra một
file_1215.wav|vấn đề mà không chỉ một mình em đang
file_1216.wav|phải đối diện sẽ có khá là nhiều các bạn
file_1217.wav|khán thính giả của chúng ta đang theo
file_1218.wav|dõi câu chuyện này cũng ở trong một cái
file_1219.wav|hoàn cảnh như vậy có thể là hoàn cảnh
file_1220.wav|của chúng ta không tương đồng với nhau
file_1221.wav|một cách tuyệt đối nhưng cũng sẽ có
file_1222.wav|những cái tình huống mà chúng ta mâu
file_1223.wav|thuẫn với sự lựa chọn hoặc là sự sắp đặt
file_1224.wav|từ gia đình hoặc là chúng ta đã từng
file_1225.wav|thất bại một lần và đang tìm kiếm bản
file_1226.wav|lĩnh Tìm kiếm động lực để Quyết tâm theo
file_1227.wav|đuổi cái ước mơ đến một lần nữa đứng lên
file_1228.wav|từ chính cái vấp ngã của mình
file_1229.wav|Chúng ta vẫn thường nghe nói với nhau
file_1230.wav|rất là nhiều về ý nghĩa của sự thất bại
file_1231.wav|đúng không Và
file_1232.wav|có lẽ ngày hôm nay cô sẽ lại Phải khẳng
file_1233.wav|định lại điều đó một lần nữa các bạn ạ
file_1234.wav|cô luôn luôn hình dung rằng là những cái
file_1235.wav|sự thất bại nó sẽ là cái bậc thang để
file_1236.wav|các bạn bước dần lên bước dần lên cái
file_1237.wav|đỉnh cao của sự thành công Nếu như các
file_1238.wav|bạn nhảy cóc từ cái bậc này các bạn lên
file_1239.wav|luôn cái mức thành công cao nhất thì các
file_1240.wav|bạn sẽ chối với các bạn sẽ dễ ngã Và
file_1241.wav|thậm chí là các bạn chưa đủ năng lực để
file_1242.wav|đứng ở cái bậc cao này mà các bạn cần đi
file_1243.wav|Từng bậc Từng bậc một và với mỗi cái bậc
file_1244.wav|thang mang tên thất bại đấy nó khiến
file_1245.wav|chúng ta trưởng thành hơn nó khiến chúng
file_1246.wav|ta biết rằng là mình cần phải thay đổi
file_1247.wav|những điều gì mình còn những hạn chế ở
file_1248.wav|đâu và bản thân mình vì sao chưa đạt
file_1249.wav|được cái điều mà mình mong muốn tin
file_1250.wav|trách kỷ hậu trách nhân chúng ta cũng sẽ
file_1251.wav|nhìn nhận lại bản thân mình sau mỗi lần
file_1252.wav|mà mình vấp ngã để biết là mình đi chưa
file_1253.wav|vững ở đâu và sẽ rèn luyện mình trau dồi
file_1254.wav|mình để mình vững vàng hơn ở lần kế tiếp
file_1255.wav|không có ai thành công mà chưa từng trải
file_1256.wav|qua thất bại dù có thể là cái thất bại
file_1257.wav|của chúng chúng ta sẽ gọi tên khác nhau
file_1258.wav|có thể là việc chúng ta thi trượt ngôi
file_1259.wav|trường mà chúng ta yêu thích cũng có thể
file_1260.wav|là một cái hình hài nào đó khác nữa
file_1261.wav|Nhưng cô tin rằng là cái cách mà các bạn
file_1262.wav|đối diện với thất bại và cách mà các bạn
file_1263.wav|đứng dậy sau những lần vấp ngã nó mới là
file_1264.wav|cái yếu tố quyết định rằng là bạn sẽ đi
file_1265.wav|xa được tới đâu và bạn sẽ đạt được những
file_1266.wav|điều gì trong suốt cuộc hành trình
file_1267.wav|trưởng thành vô cùng khó khăn của mình
file_1268.wav|hành trình trưởng thành là một hành
file_1269.wav|trình không dễ dàng các bạn ạ Chắc chắn
file_1270.wav|là như vậy Bởi vì nếu mà nó quá dễ dàng
file_1271.wav|với êm đềm Có lẽ chúng ta sẽ không thể
file_1272.wav|lớn được mà chúng ta sẽ Cứ ngây thơ và
file_1273.wav|trẻ con mãi thôi đúng không Thế nên là
file_1274.wav|trên cái con đường này thì bắt buộc các
file_1275.wav|bạn ạ Mình cần phải mạnh mẽ hơn như
file_1276.wav|trong một bộ phim mà cô rất là thích mà
file_1277.wav|cô cũng có từng nhắc tới trong một số
file_1278.wav|radio ở trên fanpage và trên kênh
file_1279.wav|spotify này đó chính là phim Mưu cầu
file_1280.wav|hạnh phúc với sự tham gia của nam diễn
file_1281.wav|viên
file_1282.wav|là con trai của mình và đó là câu chuyện
file_1283.wav|về một người rất chật vật để có thể
file_1284.wav|thành công là câu chuyện về một người đã
file_1285.wav|từng mất tất cả và đi tìm lại tất cả
file_1286.wav|cũng như là xây dựng lại cái cuộc sống
file_1287.wav|của mình bởi vì đấy là một bộ phim dựa
file_1288.wav|trên hành trình của một nhân vật có thật
file_1289.wav|thế nên là chúng ta sẽ được truyền cảm
file_1290.wav|hứng rất nhiều khi chúng ta theo dõi cái
file_1291.wav|chặng đường mà nhân vật của ta tìm tới
file_1292.wav|với hạnh phúc nhan đề của bộ phim thì
file_1293.wav|Cái chữ happy list là một chữ bị viết
file_1294.wav|sai chính tả không phải là chữ i ngắn
file_1295.wav|như đúng mà là chữ y dài có lẽ là bởi vì
file_1296.wav|nhà làm phim nghĩ rằng là không có một
file_1297.wav|cái khái niệm chung nào cho hạnh phúc
file_1298.wav|cũng chẳng có một khái niệm chung nào
file_1299.wav|cho thành công đôi khi chúng ta sẽ muốn
file_1300.wav|sửa cái chữ y dài bị sai trong cái từ
file_1301.wav|hạnh phúc kia nhưng cũng có đôi khi
file_1302.wav|chúng ta sẽ tự mình tạo nên một cái
file_1303.wav|happiness y dài theo một cái cách của
file_1304.wav|riêng mình bởi vì chúng ta có quyền như
file_1305.wav|vậy mà và đâu có ai áp đặt rằng là hành
file_1306.wav|trình của tất cả mọi người đi đều phải
file_1307.wav|giống hệt nhau
file_1308.wav|có quyền tự tin với hành trình của mình
file_1309.wav|dẫu cho hành trình ấy có thể phải trải
file_1310.wav|qua nhiều vấp ngã cũng trong bộ phim này
file_1311.wav|thì nhân vật người bố đã nói với người
file_1312.wav|con của mình đấy là trên cái chặng đường
file_1313.wav|mà con theo đuổi ước mơ sẽ có rất nhiều
file_1314.wav|người nói với con là con không thể làm
file_1315.wav|được đâu
file_1316.wav|kể cả bố có thể có những lúc bố sẽ là
file_1317.wav|người nói điều đấy nhưng mà con phải
file_1318.wav|kiên trì với sự lựa chọn của mình và cô
file_1319.wav|nghĩ rằng là có lẽ đây cũng là những câu
file_1320.wav|thoại những câu chuyện mà phần nào đó sẽ
file_1321.wav|cùng cố thêm niềm tin và động lực của em
file_1322.wav|cũng như là của các em các bạn trên hành
file_1323.wav|trình khó khăn để ta chạm được vào đam
file_1324.wav|mê của mình nếu như mà mình có thời gian
file_1325.wav|các bạn cũng có thể thử xem những bộ
file_1326.wav|phim về truyền cảm hứng truyền động lực
file_1327.wav|nhất lại là những bộ phim về nhân vật có
file_1328.wav|thật như vậy cô nghĩ rằng là chúng ta
file_1329.wav|cũng sẽ được tiếp thêm rất là nhiều năng
file_1330.wav|lượng và sức mạnh bởi vì chúng ta biết
file_1331.wav|rằng là mình không phải là người duy
file_1332.wav|nhất đang chênh vênh và chật vật trên
file_1333.wav|con đường chạm vào ước mơ
file_1334.wav|Ai tìm kiếm và theo đuổi ước mơ cũng sẽ
file_1335.wav|đều khó khăn như vậy các bạn ạ Và cũng
file_1336.wav|mong là em sẽ kiên định với sự lựa chọn
file_1337.wav|của mình dẫu cho ở thời điểm này những
file_1338.wav|người xung quanh em những người gần nhất
file_1339.wav|với em có thể đang thiếu niềm tin đang
file_1340.wav|không ủng hộ mình nhưng hãy thử nhìn
file_1341.wav|nhận đó như là những cái động lực của
file_1342.wav|mình để mình sẽ cố gắng hết sức để mình
file_1343.wav|có được một câu trả lời cho bản thân và
file_1344.wav|cũng là một câu trả lời cho những sự ngờ
file_1345.wav|vực từ những người xung quanh và bạn nói
file_1346.wav|đúng ở trong phần tái bút đấy là trong
file_1347.wav|lá thư của bạn thì sai ngữ pháp sai
file_1348.wav|chính tả cũng khá là nhiều và cô cũng
file_1349.wav|không rõ là bình thường khi mà em đang
file_1350.wav|ôn thi thì có phải thi môn Văn Không
file_1351.wav|nhưng nếu như mà em có thi khối có văn
file_1352.wav|thì cô mong rằng là em sẽ cố gắng lần
file_1353.wav|đầu tư thời gian và môn Văn và luyện
file_1354.wav|viết nhiều hơn nữa nhé bởi vì việc diễn
file_1355.wav|đạt cũng sẽ là một cái yếu tố rất là
file_1356.wav|quan trọng để em có thể đạt được kết quả
file_1357.wav|tốt trong kỳ thi đại học tới đây để em
file_1358.wav|gọi là chạm được vào giấc mơ của của
file_1359.wav|mình cũng như là nó sẽ là một cái công
file_1360.wav|cụ rất quan trọng để sau này mình có thể
file_1361.wav|bước ra ngoài kia bước ra ngoài xã hội
file_1362.wav|và thế giới rộng lớn thể hiện những suy
file_1363.wav|nghĩ của mình bằng những câu từ xúc tích
file_1364.wav|ngắn gọn đúng chính tả đồng ngữ pháp
file_1365.wav|đúng không mặc dù đó là những điều rất
file_1366.wav|nhỏ thôi nhưng thực chất nó vô cùng quan
file_1367.wav|trọng bởi vì ngôn từ nó ẩn chứa sức mạnh
file_1368.wav|và điều kỳ diệu rất lớn Cô chúc em sẽ
file_1369.wav|thành công và giàu nhiệt huyết trên hành
file_1370.wav|trình này cũng như là những bạn mà chúng
file_1371.wav|ta đang có câu chuyện tương tự thì chúng
file_1372.wav|ta sẽ tìm kiếm được một cái điểm tựa
file_1373.wav|tinh thần của mình và tự xây dựng cho
file_1374.wav|mình một cái điểm tựa tinh thần từ trong
file_1375.wav|nội tại của mình để mình kiên trì đi đến
file_1376.wav|đích các bạn nhé
file_1377.wav|lá thư thứ hai rất rất là ngắn gọn thôi
file_1378.wav|đến từ bạn đến nick name là đi Ti các
file_1379.wav|bạn ạ Cô ơi hai năm rồi em thi lại đều
file_1380.wav|trượt em muốn thi lại thêm lần nữa Nhưng
file_1381.wav|lại sợ thứ nhất là sợ tốn tiền bố mẹ thứ
file_1382.wav|hai là sự trượt thêm lần nữa bạn chỉ
file_1383.wav|biết ngắn gọn như vậy thôi nhưng mà cô
file_1384.wav|tin rằng là bạn có rất nhiều những cảm
file_1385.wav|xúc rối ren và có rất là nhiều những cái
file_1386.wav|điều muốn nói nhiều hơn cả những gì mà
file_1387.wav|bạn đã viết Bởi vì giống như lúc nãy
file_1388.wav|chúng ta cũng đã nói cái chặng đường để
file_1389.wav|đến với thành công của mỗi người sẽ vô
file_1390.wav|cùng khác biệt có những người có thể may
file_1391.wav|mắn thành công từ lần đầu tiên có những
file_1392.wav|người phải lần thứ hai lần thứ ba có
file_1393.wav|những người thì phải tốn nhiều thời gian
file_1394.wav|hơn nữa Nhưng điều quan trọng Đấy là cô
file_1395.wav|thấy bạn Ti Ti vẫn đang muốn làm lại vẫn
file_1396.wav|đang giàu nhiệt huyết và vẫn đang có một
file_1397.wav|cái khao khát là được thực hiện và đam
file_1398.wav|mê của mình cô tin rằng là cái sự quyết
file_1399.wav|tâm đấy đã là một cái yếu tố rất là quan
file_1400.wav|trọng rồi Vậy thì bây giờ cô nghĩ rằng
file_1401.wav|là với cái lo lắng đầu tiên của em về
file_1402.wav|việc là sợ tốn tiền bố mẹ thì em có thể
file_1403.wav|cân nhắc về chuyện đó là
file_1404.wav|em có thể làm thêm những cái việc nho
file_1405.wav|nhỏ nào đó song song với việc mình ôn
file_1406.wav|thi đương nhiên là tùy theo cái cách cân
file_1407.wav|đối thời gian của từng bạn thì các bạn
file_1408.wav|sẽ có một cái sự lựa chọn nào đó phù hợp
file_1409.wav|của riêng mình bởi vì nếu như mà mình
file_1410.wav|tốn nhiều thời gian vào việc làm thêm
file_1411.wav|quá biết đâu nhỡ Sao lại ảnh hưởng tới
file_1412.wav|việc học của mình thì cũng không tốt nên
file_1413.wav|là tùy vào cái khả năng quản lý thời
file_1414.wav|gian của em thì em sẽ cân đối sao cho
file_1415.wav|phù hợp nhất để phần nào đó mình có thể
file_1416.wav|đỡ đần được bố mẹ thì cô nghĩ rằng là
file_1417.wav|điều đó cũng cũng sẽ khiến cho em cảm
file_1418.wav|thấy yên tâm hơn và bố mẹ cũng cảm nhận
file_1419.wav|được cái quyết tâm của mình một cách rõ
file_1420.wav|ràng hơn nữa Điều thứ hai về sự thất bại
file_1421.wav|mà em nhắc tới đó là sợ chuột thêm lần
file_1422.wav|nữa Thực ra cái nỗi sợ này là một cái
file_1423.wav|nỗi sợ khó tránh khỏi
file_1424.wav|bởi vì
file_1425.wav|mặc dù là chúng ta vẫn đang rất là giàu
file_1426.wav|nhiệt huyết để mình theo đuổi đam mê đấy
file_1427.wav|lại một lần nữa nhưng mà không tránh
file_1428.wav|khỏi cái việc đấy là
file_1429.wav|mình sợ mình ngã thêm và mình sợ mình
file_1430.wav|lại phải trải qua cái cái cảm giác ê chề
file_1431.wav|đó
file_1432.wav|nhưng nỗi sợ không phải là một điều xấu
file_1433.wav|bởi vì đôi khi nhờ những nỗi sợ mà chúng
file_1434.wav|ta sẽ nghiêm túc hơn kỷ luật hơn và nỗ
file_1435.wav|lực nhiều hơn có những khoảng thời gian
file_1436.wav|mà cô dùng Chính những cái nỗi sợ sâu
file_1437.wav|thẳm trong mình để thúc mình không ngừng
file_1438.wav|nỗ lực để thúc mình phải đi nhanh kết
file_1439.wav|hôn để tung mình phải cố gắng nhiều hơn
file_1440.wav|nữa để mình không dễ dàng bỏ cuộc để
file_1441.wav|mình không bị nản chí và để mình không
file_1442.wav|bị Cún theo những thú vui nhất thời mà
file_1443.wav|lâu là mục tiêu mình đặt ra
file_1444.wav|em cũng có thể lựa chọn cách đó em cũng
file_1445.wav|có thể lựa chọn vừa sợ vừa làm lấy nỗi
file_1446.wav|sợ đấy là một cái hành trang tinh thần
file_1447.wav|để làm động lực cho mình không ngừng cố
file_1448.wav|gắng cho mình không ngừng nỗ lực và cô
file_1449.wav|luôn tin một điều như thế này các bạn ạ
file_1450.wav|Đó là đích đến nó vẫn chỉ là một cái
file_1451.wav|phần của thành công thôi Nó là một cái
file_1452.wav|hình hài của thành công nhưng nó không
file_1453.wav|phải là thành công duy nhất có những
file_1454.wav|chặng đường mà cuối cùng cái đích mà các
file_1455.wav|bạn đến được nó không giống với dự định
file_1456.wav|của các bạn lúc ban đầu nhưng chặng
file_1457.wav|đường đấy hành trình ấy không phải là
file_1458.wav|một hành trình vô nghĩa không phải là
file_1459.wav|một hành trình mà không có thành công sự
file_1460.wav|thành công đôi khi nó đến từ bên trong
file_1461.wav|đến từ việc mình đã giỏi hơn mình đã
file_1462.wav|hoàn thiện hơn mình đã đạt lĩnh hơn mình
file_1463.wav|đã dũng cảm hơn mình đã trưởng thành hơn
file_1464.wav|ở một khía cạnh nào đó thậm chí là có
file_1465.wav|những người cuối cùng họ không đạt được
file_1466.wav|cái mục tiêu Họ đề ra nhưng họ vẫn thấm
file_1467.wav|thía được ý nghĩa của cái sự nỗ lực và
file_1468.wav|cố gắng mà mình đã bỏ ra bởi vì sự cố
file_1469.wav|gắng ấy của các bạn nó vẫn sẽ được đền
file_1470.wav|đáp theo một cách nào đó và cô vẫn tin
file_1471.wav|vũ trụ sẽ ủng hộ ta khi trái tim ta dành
file_1472.wav|trọn vào cái điều mà ta đã chọn giống
file_1473.wav|như là trong cuốn sách rất nổi tiếng Nhà
file_1474.wav|giả kim cũng có đề cập tới và Lần này em
file_1475.wav|cũng có thể quyết tâm như vậy thêm một
file_1476.wav|lần nữa cũng mong rằng em sẽ có đủ động
file_1477.wav|lực sức mạnh có đủ sự quyết tâm để đối
file_1478.wav|diện với những nỗi sợ của mình và vượt
file_1479.wav|qua những nỗi sợ ấy ngày càng thêm niềm
file_1480.wav|tin vào bản thân mình và con đường mà
file_1481.wav|mình đã lựa chọn
file_1482.wav|lá thư thứ Ba đến từ bạn Phạm Anh Quân
file_1483.wav|em là học sinh 2K4 hiện đang ôn thi đại
file_1484.wav|học em cảm thấy bản thân mình cứ mỗi lần
file_1485.wav|học vào là chán nản em thi khối xã hội
file_1486.wav|nên bắt đầu ôn Nhưng càng học em lại
file_1487.wav|càng thấy khó chịu mông lung trước lựa
file_1488.wav|chọn thi lại của mình học không hiệu em
file_1489.wav|sợ rằng mình sẽ rớt đại học lần nữa em
file_1490.wav|thấy áp lực quá mong cô và anh chị cho
file_1491.wav|em lời khuyên cô thấy rằng bạn Quân có
file_1492.wav|nhắc tới một cái yếu tố rất là quan
file_1493.wav|trọng về mặt tâm lý của bạn ở thời điểm
file_1494.wav|này đó là bạn đang mông lung trước lựa
file_1495.wav|chọn thi lại thì cô nghĩ rằng là đấy là
file_1496.wav|cái mà cần phải giải quyết đầu tiên tại
file_1497.wav|sao lại như vậy Bởi vì nếu em chưa quyết
file_1498.wav|tâm với việc thi lại đồng nghĩa với việc
file_1499.wav|là em sẽ khá là khó để có thể đi được
file_1500.wav|tới cái Chặng đường cuối cùng để có thể
file_1501.wav|đạt được cái mong muốn của mình những
file_1502.wav|cái hành trình mà khó khăn nó lại càng
file_1503.wav|cần mình phải đủ sự quyết tâm lại càng
file_1504.wav|cần mình phải chắc chắn với cái sự lựa
file_1505.wav|chọn của mình có nghĩa là khi bản thân
file_1506.wav|em quyết tâm và tin tưởng vào cái việc
file_1507.wav|là à mình sẽ thi lại và mình nhất định
file_1508.wav|sẽ cố gắng hết sức thì lúc đó em mới có
file_1509.wav|thể bung tỏa toàn bộ năng lượng của mình
file_1510.wav|và tất cả những cái khả năng cũng như là
file_1511.wav|sự tập trung và chăm chỉ của mình còn
file_1512.wav|nếu như mà mình vừa làm mình lại vừa
file_1513.wav|Hoang Mang rằng là không biết là mình
file_1514.wav|lựa chọn có đúng không
file_1515.wav|mình làm thế này liệu có hợp lý không
file_1516.wav|Mình có đang tốn thời gian vô ích không
file_1517.wav|vì chính những cái suy nghĩ ấy nó lại vô
file_1518.wav|tình nó kỳ mình lại và nó dẫn tới cái
file_1519.wav|trạng thái mà em đang đề cập tới đó là
file_1520.wav|em chán nản em cảm thấy khó chịu khi mà
file_1521.wav|học tập thì cô nghĩ rằng là đầu tiên em
file_1522.wav|cần phải tự đối diện và đối thoại với
file_1523.wav|chính mình và tìm ra cho mình một cái
file_1524.wav|câu trả lời về việc đó là mình có muốn
file_1525.wav|thi lại hay không Mình đang thi lại để
file_1526.wav|làm gì và mình thực sự quyết tâm hay
file_1527.wav|không Bởi vì thực sự những bạn dám thi
file_1528.wav|lại cô dùng từ gián là bởi vì các bạn vô
file_1529.wav|cùng dũng cảm và bản lĩnh mới có thể
file_1530.wav|quyết định được như vậy khi mà các bạn
file_1531.wav|thi lại các bạn còn đối diện với nhiều
file_1532.wav|áp lực hơn cả những bạn học sinh mà Nam
file_1533.wav|năm nay lớp 12 đang ôn thi nữa Thế nên
file_1534.wav|là nếu mà mình không đủ niềm tin và sự
file_1535.wav|lựa chọn của mình Mình sẽ rất dễ run rẩy
file_1536.wav|và uể oải rệu Rã trên cái chặng đường
file_1537.wav|này Vậy thì bây giờ đầu tiên em cần phải
file_1538.wav|sắp xếp lại những cái ý nghĩ trong đầu
file_1539.wav|mình cần phải làm rõ với chính mình đã
file_1540.wav|khi mà em đã rõ ràng được về điều đó rồi
file_1541.wav|Thì em bắt đầu lên một lộ trình học tập
file_1542.wav|thật khoa học thật bài bản và kỷ luật
file_1543.wav|bản thân thật tốt để từ đấy mình sẽ bám
file_1544.wav|sát vào mục tiêu và lộ trình mà mình đã
file_1545.wav|đưa ra đó là cách để mình có thể đạt
file_1546.wav|được cái mong muốn của mình và đó là
file_1547.wav|cách để vượt qua những cái cảm giác mông
file_1548.wav|lung uể oải chán nản thậm chí là khó
file_1549.wav|chịu mà em đang đề cập tới cô cũng muốn
file_1550.wav|nói thêm một chút về cái việc sử dụng
file_1551.wav|ngôn từ có lẽ đây cũng là bệnh nghề
file_1552.wav|nghiệp cô mong rằng là bạn Quân Hoặc là
file_1553.wav|các bạn sẽ không cảm thấy gọi là phật
file_1554.wav|lòng nha Bởi vì cô Không có ý gọi là làm
file_1555.wav|cho mình cảm thấy suy nghĩ đâu mà chỉ là
file_1556.wav|một cái lời khuyên nho nhỏ cô tin rằng
file_1557.wav|là sẽ giúp ích cho các bạn trong quá
file_1558.wav|trình mà các bạn ôn tập cũng như là hoàn
file_1559.wav|thiện bản thân bởi vì bạn Quân nói là
file_1560.wav|bạn Quân thi khối xã hội thế nên là cô
file_1561.wav|nghĩ là Quân hãy cố gắng luyện viết
file_1562.wav|luyện sử dụng từ ngữ thật là nhiều nhé
file_1563.wav|bởi vì trong lá thư của mình có một cái
file_1564.wav|vấn đề nhỏ như thế này ha đó là hết cả
file_1565.wav|một cái lá thư cả một cái câu dài như
file_1566.wav|vậy không hề có dấu phẩy dấu chấm Không
file_1567.wav|có ngắt ý và tách cau cô nghĩ rằng đây
file_1568.wav|là một cái phản xạ về ngôn từ của em có
file_1569.wav|nghĩa là kể cả trong những bài thi hay
file_1570.wav|là những bài viết mà em cần bày tỏ quan
file_1571.wav|điểm của mình cô tin là phần nhiều em
file_1572.wav|cũng sẽ có cái vấn đề này thế thì nhân
file_1573.wav|đây cô cũng mong có thể góp ý cho em một
file_1574.wav|chút để em để ý hơn tới cách mình viết
file_1575.wav|cách mình đã sử dụng từ ngữ cách mình
file_1576.wav|ngắt ý tách câu sử dụng dấu câu trong
file_1577.wav|quá trình diễn đạt Đôi khi mình chỉ cần
file_1578.wav|khắc phục từ những cái yếu tố nhỏ đó
file_1579.wav|thôi là dần dần dần dần dần mình cũng sẽ
file_1580.wav|cải thiện được điểm số của mình không
file_1581.wav|chỉ là tốt cho môn Văn mà còn là sau này
file_1582.wav|các bạn ra ngoài đời sống xã hội thì
file_1583.wav|giống như cô vẫn luôn luôn khẳng định
file_1584.wav|các bạn có khả năng diễn đạt tốt nói tốt
file_1585.wav|viết tốt lưu loát và mạch lạc các bạn sẽ
file_1586.wav|có thêm nhiều cơ hội và nhiều sự tự tin
file_1587.wav|hơn cô mong rằng là ở thông qua những
file_1588.wav|lời khuyên nho nhỏ như vậy các bạn cũng
file_1589.wav|sẽ
file_1590.wav|được nhận lại để ngày càng hoàn thiện
file_1591.wav|chỉn chu và trau chuốt về ngôn từ của
file_1592.wav|mình hơn nữa Cô chúc cho tất cả các bạn
file_1593.wav|đã gửi thư về cho chương trình cũng như
file_1594.wav|những bạn đang có những tâm tư tương tự
file_1595.wav|có thể là chưa viết thư nhưng mà vẫn
file_1596.wav|đang lắng nghe các số radio này để tìm
file_1597.wav|kiếm một điều gì đó các bạn sẽ vững tin
file_1598.wav|sẽ kiên trì
file_1599.wav|sẽ quyết tâm tới cùng cho những điều mà
file_1600.wav|mình đã lựa chọn giống như lúc nãy cô đã
file_1601.wav|nói cô tin rằng các bạn sẽ tìm thấy được
file_1602.wav|nhiều điều có ý nghĩa dẫu cho điều đó nó
file_1603.wav|có đúng với cái mà ban đầu Mình định tìm
file_1604.wav|hay không các bạn nhé bản thân cô thì
file_1605.wav|trong khóa 2k5 hiện tại của cô cũng có
file_1606.wav|hôm trước cô có hỏi ở các anh chị quản
file_1607.wav|lý thì cũng có phải tầm 30 bạn học sinh
file_1608.wav|trên tổng số hơn 400 bạn là các bạn học
file_1609.wav|sinh thi lại và cô cũng có dịp được trao
file_1610.wav|đổi với một vài bạn ở trong khóa của cô
file_1611.wav|và Đang chật vật và đối diện với nhiều
file_1612.wav|áp lực trong cái quá trình học ôn thi
file_1613.wav|lại đó Thế nên là cô cũng rất là chia sẻ
file_1614.wav|với các bạn và cô rất mong rằng là nếu
file_1615.wav|như mà các bạn vẫn còn những bối rối các
file_1616.wav|bạn có thể gửi thư để cho hòm thư ký gửi
file_1617.wav|những nỗi buồn bởi vì đây là nơi an toàn
file_1618.wav|để chúng ta sẻ chia đây là một nơi sẵn
file_1619.wav|sàng nâng đỡ mọi cảm xúc của các bạn và
file_1620.wav|là nơi mà có thể cô đưa ra những cái góc
file_1621.wav|nhìn nó rất là cá nhân thôi nhưng biết
file_1622.wav|đâu việc chúng ta được lắng nghe nhau
file_1623.wav|cũng đã là một cái điều quý giá để chúng
file_1624.wav|ta không cảm thấy mình cô đơn trên cái
file_1625.wav|chặng đường này các bạn nhé và trong
file_1626.wav|khóa livestream tổng ôn và luyện đề 2k5
file_1627.wav|thì cô cũng có dành một ưu đãi rất là
file_1628.wav|đặc biệt dành riêng cho các bạn ôn thi
file_1629.wav|lại có nghĩa là đối với những bạn mà thi
file_1630.wav|lại đăng ký và khóa học thì cô sẽ có một
file_1631.wav|cái mức giảm giá sâu lên tới 60% học phí
file_1632.wav|của khóa học ở cô mong rằng là một cái
file_1633.wav|phần quà một cái ưu đãi Nho Nhỏ này có
file_1634.wav|thể được xem như là một cái cách để cô
file_1635.wav|tiếp thêm sức mạnh và tiếp thêm động lực
file_1636.wav|cho các bạn bên cạnh cái quá trình mà
file_1637.wav|chúng ta đồng hành vô cùng sát sao cùng
file_1638.wav|với nhau trên chặng đường sắp tới mong
file_1639.wav|rằng chặng đường này của các bạn tuy
file_1640.wav|nhiều áp lực nhưng cũng sẽ là một chặng
file_1641.wav|đường thật ý nghĩa để các bạn tìm thấy
file_1642.wav|chính mình các bạn nhé một lần nữa cô
file_1643.wav|cảm ơn các bạn đã gửi thư về cho chương
file_1644.wav|trình và cảm ơn các bạn khán thính giả
file_1645.wav|đã lắng nghe và theo dõi video ở trên
file_1646.wav|fanpage cũng như là Pocket ở trên kênh
file_1647.wav|spotify học văn cô Sương Mai Mong rằng
file_1648.wav|sẽ tiếp tục được đón nhận những tâm tư
file_1649.wav|tình cảm của các bạn ở trên đường link
file_1650.wav|đã được đặt dưới phần comment của video
file_1651.wav|trên fanpage các bạn nhé Cảm ơn các bạn
file_1652.wav|một lần nữa chúc các bạn sẽ có một tuần
file_1653.wav|mới nhiều niềm vui nhiều điều để nhớ và
file_1654.wav|chúc các bạn sẽ ngủ thật ngon nha Tạm
file_1655.wav|Xin chào Chào mừng các bạn đã quay trở
file_1656.wav|lại với fanpage học văn cô Sương Mai và
file_1657.wav|kênh spotify học văn cô Sương Mai nếu
file_1658.wav|chúng ta sẽ cùng trò chuyện về văn học
file_1659.wav|về đời sống và cả về những tâm tư tình
file_1660.wav|cảm những câu chuyện mà các bạn chưa
file_1661.wav|biết tỏ bày cùng ai một tuần nữa đã trôi
file_1662.wav|qua rồi và hôm nay trong khung giờ quen
file_1663.wav|thuộc 11 giờ đêm tối thứ Hai hàng tuần
file_1664.wav|chúng ta sẽ cùng gặp nhau trong số radio
file_1665.wav|đặc biệt mà sương mai để tên là trạm Có
file_1666.wav|lẽ là bởi vì thông qua những số radio
file_1667.wav|này mình mong muốn ta có thể chạm vào
file_1668.wav|cái thế giới tâm tư tình cảm của mình ta
file_1669.wav|có thể đối diện và đối thoại với những
file_1670.wav|cảm xúc mà có thể là mình đang phủ nhận
file_1671.wav|mình đang né tránh mình đang tìm cách
file_1672.wav|quên lãng hoặc là mình đã không biết
file_1673.wav|phải bộc lộ như thế nào đó là lý do mà
file_1674.wav|mình có đề một hòm thư ký gửi ở trên
file_1675.wav|fanpage học văn cô Sương Mai nơi các bạn
file_1676.wav|có thể ký gửi những cảm xúc của các bạn
file_1677.wav|dưới dạng là để lại thông tin của mình
file_1678.wav|hoặc là để thông tin ẩn danh đều được
file_1679.wav|các bạn nhé Chúng mình sẽ đọc những lá
file_1680.wav|thư sẽ trò chuyện về tâm tư của các bạn
file_1681.wav|và ở một khía cạnh nào đó ta sẽ cùng
file_1682.wav|nâng đỡ những cảm xúc của nhau và sức
file_1683.wav|mạnh cũng rất vui khi mà được đồng hành
file_1684.wav|cùng với các bạn trong những câu chuyện
file_1685.wav|của cảm xúc và đặc biệt là số radio trạm
file_1686.wav|của tuần này còn có một cái sứ mệnh và
file_1687.wav|rất là tuyệt vời đó chính là Trao Gửi
file_1688.wav|Yêu Thương giữa các bạn với nhau Bởi vì
file_1689.wav|ngày hôm nay thì lá thư này sẽ không chỉ
file_1690.wav|dừng lại là những cái cảm xúc mà bạn ấy
file_1691.wav|muốn được bày tỏ cho riêng bạn ấy mà còn
file_1692.wav|có đích đến cụ thể có một người nhận cụ
file_1693.wav|thể và nhận dịp cũng rất là đặc biệt đó
file_1694.wav|chính là sinh nhật của bạn mà được nhận
file_1695.wav|lá thư này vào ngày 12 tháng 12 vậy bây
file_1696.wav|giờ mình sẽ không đề cập tới tên của bạn
file_1697.wav|đã gửi thư rất mong là bạn nhận được lá
file_1698.wav|thư này chủ nhân của bữa tiệc sinh nhật
file_1699.wav|ngày hôm nay sẽ tình cờ xem được radio
file_1700.wav|này và nhận được lời chúc Đặc Biệt cũng
file_1701.wav|như Đó là những tình cảm đến từ người
file_1702.wav|bạn thân thiết của mình các bạn nhé
file_1703.wav|chúng ta sẽ cùng đến với radio của ngày
file_1704.wav|hôm nay
file_1705.wav|một số radio Bình tin rằng sẽ giúp chúng
file_1706.wav|ta rất xúc động về ý nghĩa của tình bạn
file_1707.wav|đã có người từng nói với tôi rằng tình
file_1708.wav|bạn không phải là điều lớn lao mà nó là
file_1709.wav|tập hợp của hàng triệu điều nhỏ bé từ
file_1710.wav|câu nói ấy khiến tôi liên tưởng đến một
file_1711.wav|bầu trời đêm đen đầy huyền bí Nếu bầu
file_1712.wav|trời ấy chỉ có mỗi một ông trăng ở trên
file_1713.wav|đó thì cô đơn biết mấy Nhưng nếu có sự
file_1714.wav|hiện diện của thật nhiều ngôi sao lấp
file_1715.wav|lánh thì không chỉ đẹp mà nó còn tạo ra
file_1716.wav|một sự ấm áp bởi từng ngôi sao và ánh
file_1717.wav|trăng đang liên kết lại với nhau để có
file_1718.wav|được một vẻ đẹp hoàn mỹ nhất và sự đơn
file_1719.wav|độc của vầng trăng sẽ được xóa tan
file_1720.wav|có lẽ tình bạn cũng vậy Bạn không cần cố
file_1721.wav|gắng làm cái rốn của vũ trụ bạn chỉ cần
file_1722.wav|làm một vì sao nhỏ bé và tất cả mọi
file_1723.wav|người sẽ tự liên kết với bạn tạo nên một
file_1724.wav|sự đồng nhất
file_1725.wav|bên cạnh tôi cũng có một vì sao rất đẹp
file_1726.wav|bạn ấy tỏa sáng theo cách riêng của mình
file_1727.wav|nhưng đã có lúc tôi ganh tị với vẻ đẹp
file_1728.wav|ấy đó không phải là sự hoàn hảo của vầng
file_1729.wav|trăng cũng chẳng phải sự bí ẩn của màn
file_1730.wav|đêm đen mà đó là về đêm không tài nào So
file_1731.wav|sánh được thời gian trôi thật nhanh mới
file_1732.wav|đây mà tôi và cô gái ấy đã ở cạnh nhau
file_1733.wav|được 5 năm Đúng là 5 năm đó không phải
file_1734.wav|là con số quá lớn nhưng lại chẳng quá
file_1735.wav|nhỏ mà tôi tin đó là minh chứng duy nhất
file_1736.wav|để chứng minh cho một câu chuyện tình
file_1737.wav|bạn đẹp đẽ này chúng tôi cũng như bao
file_1738.wav|đời bạn khác cũng bắt đầu làm quen sau
file_1739.wav|đó chơi chung và từ từ thân với nhau có
file_1740.wav|thể nói Ban đầu chúng tôi ghét nhau bao
file_1741.wav|nhiêu thì ở hiện tại chúng tôi lại thân
file_1742.wav|thiết bấy nhiêu từng cử chỉ hành động
file_1743.wav|hay cách ăn mặc có thể không giống nhau
file_1744.wav|nhưng nó vẫn thể hiện sự tương đồng của
file_1745.wav|một đôi bạn tình bạn này cũng chẳng phải
file_1746.wav|hoa Mỹ và phù phiếm như trên phim ảnh
file_1747.wav|chúng tôi vẫn cãi nhau xảy ra mâu thuẫn
file_1748.wav|rất nhiều đỉnh điểm có lúc cả hai đều
file_1749.wav|mang trong mình ý định nghỉ chơi với đối
file_1750.wav|phương có lẽ tôi chưa từng nghĩ một ngày
file_1751.wav|nào đó cuộc sống của tôi sẽ thiếu đi
file_1752.wav|người bạn này sự mâu thuẫn ấy luôn bắt
file_1753.wav|đầu từ những việc nhỏ nhặt nhất như là
file_1754.wav|những tin nhắn Dần có trạng thái trống
file_1755.wav|vắng hơn những buổi đi chơi dần thưa
file_1756.wav|thớt mà mỗi người lại có một nhóm bạn
file_1757.wav|riêng điều đó diễn ra thường xuyên hơn
file_1758.wav|khiến giữa chúng tôi dần có một khoảng
file_1759.wav|cách và song song với đó bạn của tôi
file_1760.wav|không còn cái dáng vẻ yêu đời như lúc
file_1761.wav|trước mà từ những điều đang diễn ra ở
file_1762.wav|hiện tại cô ấy ngày một trở nên tiêu cực
file_1763.wav|hơn chẳng thấy ấy cứ bám dính với bạn
file_1764.wav|tôi chẳng ngày đào buông tha nó khiến cô
file_1765.wav|ấy ngày một tiều tụy hơn bao giờ hết
file_1766.wav|từng nỗi buồn cùng với những suy nghĩ
file_1767.wav|không mấy hay ho liên tục xuất hiện làm
file_1768.wav|cho bạn Tôi cứ mãi dằn vặt bản thân
file_1769.wav|trong suốt quãng thời gian dài và đến
file_1770.wav|một ngày cuộc trò chuyện lâu không động
file_1771.wav|đến nay lại xuất hiện một tin nhắn bạn
file_1772.wav|chỉ vỏn vẹn nhắn Nếu mày cảm thấy trường
file_1773.wav|hợp nữa thì mình dừng trước đó chúng tôi
file_1774.wav|cũng thống nhất là nếu một trong hai Cảm
file_1775.wav|thấy chơi chung không được nữa thì phải
file_1776.wav|nói ra với nhau điều đó Nói thì dễ nhưng
file_1777.wav|khi nhận được tin nhắn ấy tôi lại giật
file_1778.wav|mình và chờ tâm can như co thắt lại
file_1779.wav|chẳng biết sao tôi lại buồn đến nỗi
file_1780.wav|không làm được gì hơn tôi chỉ đáp lại
file_1781.wav|làm gì có Tao thấy tụi mình vẫn ổn và
file_1782.wav|rồi từ từ mọi vấn đề được giải quyết
file_1783.wav|không phải như cách giải quyết bằng việc
file_1784.wav|là phải có người nhận sai chúng tôi chọn
file_1785.wav|nói ra mọi thứ Dựa vào góc nhìn của từng
file_1786.wav|người để cả hai thấy sự bất đồng về quan
file_1787.wav|điểm vì với tôi mâu thuẫn đã xảy ra thì
file_1788.wav|ai cũng có một phần lỗi nên nếu lựa chọn
file_1789.wav|để một trong hai nói xin lỗi thì tôi vừa
file_1790.wav|cảm thấy thiệt thòi Vì vậy tôi không
file_1791.wav|phải là ánh sáng vĩnh hằng hay một tâm
file_1792.wav|điểm vũ trụ và bạn cũng thế chúng tôi
file_1793.wav|chọn cách làm vì sao nhỏ để bầu trời đêm
file_1794.wav|kia dẫu lớn đến mây giữa hai bên vẫn có
file_1795.wav|sự đồng nhất và thấu hiểu lẫn nhau
file_1796.wav|vào đó cả hai cá thể này không còn mang
file_1797.wav|danh đĩa bạn thân mà chúng tôi đã xem
file_1798.wav|nhau như một gia đình bài viết này không
file_1799.wav|phải để thể hiện đây là tình bạn đẹp hay
file_1800.wav|như thế nào cả đâu Tôi chỉ muốn cảm ơn
file_1801.wav|người bạn ấy đã ở cạnh tôi trong một
file_1802.wav|hành trình dài và tôi hi vọng sau này dù
file_1803.wav|mọi chuyện có ra sao thì chúng ta vẫn sẽ
file_1804.wav|cùng nhau vượt qua chứ không chọn cách
file_1805.wav|rời xa nhau và ở đây mình muốn gửi một
file_1806.wav|thông điệp đến với tất cả các bạn là Hãy
file_1807.wav|trân trọng những mối quan hệ xung quanh
file_1808.wav|mình đặc biệt là những mối quan hệ thân
file_1809.wav|thiết thì chúng ta không thể nghĩ ra
file_1810.wav|viễn cảnh nếu thiếu đi họ cuộc sống này
file_1811.wav|sẽ ra sao
file_1812.wav|đó là những lời chia sẻ có thể là còn
file_1813.wav|vụng về nhưng mà vô cùng chân thành và
file_1814.wav|giàu tình cảm đến từ một bạn thính giả
file_1815.wav|số tên đã gửi tới cho chương trình và
file_1816.wav|sương mai cũng mong muốn là được gửi gắm
file_1817.wav|tất cả những cái tâm tư ấy thông qua một
file_1818.wav|số radio chạm ngày hôm nay mong rằng là
file_1819.wav|bạn nhận được
file_1820.wav|bí thư này vào ngày sinh nhật sẽ cảm
file_1821.wav|thấy được rằng là mình đã may mắn đến ra
file_1822.wav|sao khi mình có một người bạn yêu mình
file_1823.wav|nhiều đến thế thương mình nhiều đến thế
file_1824.wav|và luôn luôn sẵn sàng ở cạnh mình nhiều
file_1825.wav|đến như vậy
file_1826.wav|Sương Mai tin rằng là chúng ta sẽ có
file_1827.wav|những cái thời điểm vô cùng khó khăn
file_1828.wav|trong cuộc sống sẽ có những lúc chúng ta
file_1829.wav|cảm thấy là cuộc đời này dường như đã
file_1830.wav|quay lưng lại với mình Mình thấy là
file_1831.wav|không có một cái điều gì tốt đẹp xảy ra
file_1832.wav|đúng như những gì mình muốn và cả vô
file_1833.wav|tình và cả Hữu y chúng ta lựa chọn cách
file_1834.wav|rời xa tất cả những người xung quanh
file_1835.wav|chúng ta lựa chọn cách chìm đắm vào
file_1836.wav|trong những suy nghĩ tiêu cực và chẳng
file_1837.wav|biết làm thế nào để có thể thoát ra được
file_1838.wav|thế nhưng thật may mắn Nếu như lúc đó
file_1839.wav|các bạn có một người ở bên cạnh mình một
file_1840.wav|người bạn sẽ lắng nghe sẽ sẻ chia sẽ
file_1841.wav|Đồng Hành đôi khi sẽ chỉ im lặng thôi
file_1842.wav|nhưng sự im lặng đấy Nói thật là kỳ diệu
file_1843.wav|Bởi vì đó nhắc chúng ta rằng là chúng ta
file_1844.wav|không cô đơn giữa cái cuộc đời rộng lớn
file_1845.wav|và bụi bầy này
file_1846.wav|những số radio Trạm này được ra đời cũng
file_1847.wav|với làm như vậy mong muốn là các bạn
file_1848.wav|biết là các bạn không một mình các bạn
file_1849.wav|biết là các bạn không Bơ Vơ sẽ luôn luôn
file_1850.wav|có những người sẵn sàng lắng nghe có thể
file_1851.wav|ngồi im lặng bên các bạn cả giờ đồng hồ
file_1852.wav|chỉ để ta cùng nhìn thời gian trôi mà
file_1853.wav|thôi những tình bạn như vậy thật là đáng
file_1854.wav|quý và rất là đáng trân trọng đúng không
file_1855.wav|nào mình mong rằng là hai bạn sẽ luôn
file_1856.wav|luôn nắm tay nhau thật chặt và cùng nhau
file_1857.wav|đồng hành qua những dấu mốc đặc biệt
file_1858.wav|nhất trong cuộc hành trình trưởng thành
file_1859.wav|và cũng mong rằng là tất cả chúng ta đều
file_1860.wav|sẽ tìm được cho mình một điểm tựa tinh
file_1861.wav|thần như thế Hãy trân trọng nếu như bạn
file_1862.wav|đã tìm thấy người anh bạn nhé Không biết
file_1863.wav|là lá thư của ngày hôm nay đã để lại
file_1864.wav|trong lòng bạn những suy nghĩ như thế
file_1865.wav|nào hoặc là bạn có đồng cảm hay là có
file_1866.wav|một câu chuyện nào đó muốn chia sẻ với
file_1867.wav|chúng mình không Bạn có thể để lại bình
file_1868.wav|luận dưới số radio được đăng tải ở trên
file_1869.wav|fanpage học văn cô sương mai hoặc cũng
file_1870.wav|có thể gửi thư về cho hòm thư ký gửi của
file_1871.wav|chương trình và chờ đợi chương trình đi
file_1872.wav|vào 23 giờ chủ nhật tuần sau để chúng ta
file_1873.wav|cùng tiếp tục trò chuyện các bạn nhé một
file_1874.wav|lần nữa Cảm ơn các bạn vì đã tin tưởng
file_1875.wav|và ký gửi những cảm xúc của mình về cho
file_1876.wav|chương trình và rất mong các bạn sẽ tiếp
file_1877.wav|tục đồng hành cùng sương mai trong những
file_1878.wav|nội dung tiếp theo trên fanpage và trên
file_1879.wav|kênh spotify học văn cô Xuân Mai Một lần
file_1880.wav|nữa chúc mừng sinh nhật bạn và Chúc các
file_1881.wav|bạn luôn tìm được niềm hạnh phúc bình an
file_1882.wav|trong tâm hồn Tạm biệt chúc các bạn ngủ
file_1883.wav|ngon
file_1884.wav|[âm nhạc]
file_1885.wav|Xin chào Chào mừng các bạn đã quay trở
file_1886.wav|lại với fanpage và với kênh spotify học
file_1887.wav|văn cô Sương Mai và đây là số radio trạm
file_1888.wav|sẽ được lên sóng vào 23 giờ tối thứ Hai
file_1889.wav|hàng tuần là nơi để các bạn có thể ký
file_1890.wav|gửi những tâm tư cảm xúc của mình đặc
file_1891.wav|biệt là những nỗi buồn những sự băn
file_1892.wav|khoăn mà mình chẳng biết phải buộc bạch
file_1893.wav|cùng với ai chương trình dạy tiếp nhận
file_1894.wav|những lá thư của các bạn có thể được gửi
file_1895.wav|với thông tin cụ thể của mình có thể
file_1896.wav|được gửi dưới dạng ẩn danh đều được các
file_1897.wav|bạn nhé Sức mạnh cũng sẽ để đường link
file_1898.wav|hòm thư ký gửi ngay dưới video ở trên
file_1899.wav|fanpage các bạn có thể truy cập vào và
file_1900.wav|có thể chọn nơi đây là một điểm tựa để
file_1901.wav|nhắn gửi những câu chuyện của mình và
file_1902.wav|ngày hôm nay chủ đề và chúng ta sẽ cùng
file_1903.wav|trò chuyện qua những lá thư cũng là một
file_1904.wav|chủ đề mà chắc hẳn điều bạn khán thính
file_1905.wav|giả cũng đã từng phải xin gẫm và đã từng
file_1906.wav|cảm thấy đau đớn mình dùng từ như vậy
file_1907.wav|không phải là một từ nặng đâu bởi vì chủ
file_1908.wav|đề ngày hôm nay là vì gia đình có thể là
file_1909.wav|nhiều bạn sẽ nghĩ rằng là dùng từ đau
file_1910.wav|đớn tổn thương nặng nề có phải là quá
file_1911.wav|Với hai chữ thiêng liêng gia đình hay
file_1912.wav|không
file_1913.wav|nhưng mà không các bạn ạ bởi vì đúng gia
file_1914.wav|đình vốn dĩ sẽ là một nơi để trở về gia
file_1915.wav|đình vốn dĩ sẽ là một Bến Bờ Bình Yên
file_1916.wav|gia đình vốn dĩ phải là một nơi an toàn
file_1917.wav|nhất để chúng ta cảm thấy mình được làm
file_1918.wav|mình mình có thể thoải mái dãi bày bản
file_1919.wav|thân mình có thể được vỗ về được ôm ấp
file_1920.wav|được chở che nhưng cũng có những gia
file_1921.wav|đình không còn là điểm tựa cũng có những
file_1922.wav|câu chuyện đầy thương tâm xuất phát từ
file_1923.wav|chính nơi đáng lẽ ra phải là tổ ấm đấy
file_1924.wav|và những câu chuyện của ngày hôm nay
file_1925.wav|chắc hẳn cũng sẽ khiến một số bạn tìm
file_1926.wav|thấy đâu đó Những Mảnh Vỡ vụn trong tâm
file_1927.wav|hồn của mình
file_1928.wav|và chúng ta sẽ cùng đến với lá thư đầu
file_1929.wav|tiên lá thư đến từ bạn có nickname
file_1930.wav|con chưa lớn các bạn hãy cùng lắng nghe
file_1931.wav|nhé
file_1932.wav|cười một chút tâm sự với cô trong những
file_1933.wav|ngày tháng ôn thi miệt mài với sách vở
file_1934.wav|em đã không ít lần mệt mỏi muốn gục ngã
file_1935.wav|bỏ cuộc nhưng em vẫn vực bản thân mình
file_1936.wav|dậy tiếp tục cố gắng vào nỗ lực thật
file_1937.wav|nhiều vì ước mơ vì bố mẹ và cả vì những
file_1938.wav|người luôn bên cạnh yêu thương em nhưng
file_1939.wav|trong sự cố gắng ấy em luôn bị mọi người
file_1940.wav|đặc biệt là những người hàng xóm hay
file_1941.wav|Ngay cả cô dì chú bác họ hàng nói với em
file_1942.wav|học lắm làm gì học ít thôi không học lắm
file_1943.wav|về sau bị ngớ ngẩn đau hết người đấy để
file_1944.wav|xem học nhiều thế này mai đỗ được trường
file_1945.wav|gì học thế thì có mà làm Giáo sư Tiến sĩ
file_1946.wav|À người ta luôn chỉ nhìn vào thành quả
file_1947.wav|không nhìn vào sự nỗ lực của em Thế em
file_1948.wav|học thì lại nói đừng học nhiều như thế
file_1949.wav|Tại sao vậy không động viên em thì thôi
file_1950.wav|nhưng xin đừng dùng những lời ác ý như
file_1951.wav|thế được không Xung quanh bạn bè em ai
file_1952.wav|cũng nỗ lực các bạn hãy ca năm trên cả
file_1953.wav|nước đang cố gắng từng ngày từng giờ để
file_1954.wav|có thể đến gần hơn với cánh cổng trường
file_1955.wav|Đại học mình mong muốn em cũng như thế
file_1956.wav|mà em chỉ có một năm lớp 12 này thôi nên
file_1957.wav|em phải cố gắng dù có phải đánh đổi mồ
file_1958.wav|hôi hay nước mắt chứ nhưng cứ nghe những
file_1959.wav|lời nói ấy em lại cảm thấy tủi thân vô
file_1960.wav|cùng
file_1961.wav|cảm ơn những chia sẻ của bạn gà con chưa
file_1962.wav|lớn và chẳng hạn là có thể có những bạn
file_1963.wav|cũng sẽ thấy câu chuyện này nó cũng rất
file_1964.wav|là gần gũi và quen thuộc phải không nào
file_1965.wav|cô từng nghe một câu như thế này các bạn
file_1966.wav|ạ Mặc dù Nghe có vẻ hơi phũ phàng một
file_1967.wav|chút nhưng trong một vài trường hợp nha
file_1968.wav|một vài trường hợp thôi thì nó khá là
file_1969.wav|đúng đấy là họ hàng không phải là gia
file_1970.wav|đình thực sự gia đình thực sự là bố là
file_1971.wav|mẹ là anh chị em ruột thịt là ông bà là
file_1972.wav|những cuộc sống của người ta bạn hàng
file_1973.wav|ngày còn đôi khi sẽ có những người cô dì
file_1974.wav|chú bác mà họ không thật sự hiểu được
file_1975.wav|mình và họ cũng không thật sự thấu hiểu
file_1976.wav|được nỗi lòng những cái tổn thương hay
file_1977.wav|là những cái áp lực mà mình đang phải
file_1978.wav|gánh chịu đó là lý do mà đôi khi họ lại
file_1979.wav|làm người vô tình nhất với mình mặc dù
file_1980.wav|mình thấy rằng là họ là những người rất
file_1981.wav|là gần gũi họ cũng là những người ở
file_1982.wav|trong họ hàng họ cũng là những người mà
file_1983.wav|có mối quan hệ mật thiết với bố mẹ của
file_1984.wav|mình Nhưng không phải ai trong số họ
file_1985.wav|cũng có thể dịu dàng được với mình giống
file_1986.wav|như là bạn gái con chưa lớn có chia sẻ ở
file_1987.wav|đây nói như thế không có nghĩa là đánh
file_1988.wav|đồng tất cả nhá ở đây cô vẫn phải nhấn
file_1989.wav|mạnh rằng là có những câu chuyện cá biệt
file_1990.wav|như thế chứ không phải là tất cả đều như
file_1991.wav|vậy hơn thế nữa thì cũng có thể là những
file_1992.wav|người cô dì chú bác của bạn gà con cũng
file_1993.wav|có quan tâm tới bạn nhưng mà cái cách
file_1994.wav|quan tâm nó đang chưa đúng và đó khoác
file_1995.wav|lên mình một cái diện mạo của sự quan
file_1996.wav|tâm có phần xấu xí quá có phần gồ ghề
file_1997.wav|quá và có phần làm cho mình cảm thấy
file_1998.wav|mình bị tổn thương nhiều hơn là mình
file_1999.wav|được nhận sự động viên và và khiến mình
file_2000.wav|muốn nỗ lực hơn nữa
file_2001.wav|cô thì cô nghĩ rằng là cuộc sống này vốn
file_2002.wav|dĩ rất là phức tạp và hành trình phía
file_2003.wav|trước cô phải cam đoan với các bạn một
file_2004.wav|điều rằng là sẽ còn nhiều điều khó khăn
file_2005.wav|và sẽ có những lời khó nghe như thế này
file_2006.wav|nữa các bạn ạ Đây không phải là dọa đâu
file_2007.wav|mà đó là thực tế cuộc hành trình trưởng
file_2008.wav|thành của chúng ta gần như không có ai
file_2009.wav|là có thể trải qua bằng phẳng nhưng ở
file_2010.wav|một góc độ nào đó chính những lời khó
file_2011.wav|nghe ấy cho mình biết rằng là ai sẽ là
file_2012.wav|người thương Bình Thực lòng ai sẽ là bến
file_2013.wav|đỗ thực sự của mình ai sẽ là nơi để mình
file_2014.wav|tìm thấy mỗi khi mình muốn thả lòng mình
file_2015.wav|và những giây phút bình yên thế nên đôi
file_2016.wav|lúc trên hành trình này chúng ta phải
file_2017.wav|học cách chọn lọc những gì mình lắng
file_2018.wav|nghe chọn lọc những gì mà gửi tới với
file_2019.wav|mình sẽ có những lời mà các bạn nâng niu
file_2020.wav|cất giữ coi nó như là một cái nguồn động
file_2021.wav|lực mạnh mẽ coi mục tiêu là một cái sức
file_2022.wav|mạnh để mình tiếp tục cố gắng nhiều hơn
file_2023.wav|nữa Nhưng sẽ có những lời và sẽ có những
file_2024.wav|người mình phải gạt họ ra trong cái hành
file_2025.wav|trang ký ức của mình mình phải đặt họ
file_2026.wav|xong một bên trên cái con đường để mình
file_2027.wav|đi tới đam mê và mục tiêu mà mình đã lựa
file_2028.wav|chọn
file_2029.wav|Bởi vì ở một góc độ nào đó họ đang không
file_2030.wav|mang lại cho mình sự tích cực điều đó
file_2031.wav|không phải là một điều dễ dàng thế nhưng
file_2032.wav|cũng là một trong những bài học và trải
file_2033.wav|nghiệm mà cô nghĩ rằng là tất cả chúng
file_2034.wav|ta đều sẽ phải như vậy cô cũng như thế
file_2035.wav|bạn gà con cũng như thế và cố gắng dành
file_2036.wav|nhiều bạn trong số chúng ta các bạn khán
file_2037.wav|thính giả đang xem video này và đang
file_2038.wav|lắng nghe Podcast này đều có thể phải
file_2039.wav|đối diện với cái trải nghiệm này phải
file_2040.wav|chọn lọc phải biết rằng là đừng nên giữ
file_2041.wav|điều gì và nên đầy điều gì mà trôi đi Có
file_2042.wav|như vậy thì mình mới có thể mạnh mẽ hơn
file_2043.wav|và thoải mái hơn trên cái chặng đường mà
file_2044.wav|mình đã lựa chọn Bởi vì mình không thể
file_2045.wav|nào mong cầu là tất cả mọi người trong
file_2046.wav|cuộc sống này và mình gặp để sẽ dịu dàng
file_2047.wav|và ngọt ngào với mình bởi vì điều đấy
file_2048.wav|mình không được chọn lựa và điều đấy thì
file_2049.wav|cũng không thể để kiểm soát
file_2050.wav|cô luôn nghĩ một cách đơn giản như thế
file_2051.wav|này Đấy là điều gì mình có thể thay đổi
file_2052.wav|từ phía mình và nằm trong tầm kiểm soát
file_2053.wav|của mình thì mình sẽ nỗ lực để hoàn
file_2054.wav|thiện còn điều gì Nằm ngoài Tầm Kiểm
file_2055.wav|Soát của mình đến từ thế giới khách quan
file_2056.wav|đến từ những người xung quanh mà để
file_2057.wav|không thể tác động được thì
file_2058.wav|mình sẽ đành gạt họ sang một bên Nếu như
file_2059.wav|họ đang không mang lại cho mình những
file_2060.wav|điều tích cực điều này khó đấy nhưng
file_2061.wav|chúng ta sẽ cần bản lĩnh ấy và sử dụng
file_2062.wav|cảm ấy để có thể có được những cái nguồn
file_2063.wav|động viên thực sự cần thiết đặc biệt là
file_2064.wav|ở giai đoạn này giống như em đó ở giai
file_2065.wav|đoạn và tất cả các bạn học sinh lớp 12
file_2066.wav|đều đang rất rất cần những sự động viên
file_2067.wav|và hãy thử nghĩ mà xem
file_2068.wav|Đôi khi mình hay cứ bị gọi là xem nặng
file_2069.wav|xem trọng những cái lời tiêu cực mà mình
file_2070.wav|bị quên mất những cái lời tích cực trong
file_2071.wav|khi chúng ta nhận được những lời tích
file_2072.wav|cực đôi khi còn nhiều hơn cả những lời
file_2073.wav|tiêu cực như thế đấy nên hãy hãy nghĩ
file_2074.wav|tới những cái nguồn động viên và hãy
file_2075.wav|nghĩ tới những người mà đem tới cho em
file_2076.wav|cái cảm giác ngọt ngào để mình có thể có
file_2077.wav|thêm sức mạnh và quên đi những lời làm
file_2078.wav|cho mình buồn bã ấy nhé cô mong rằng bạn
file_2079.wav|gà con cũng sẽ lắng nghe được số radio
file_2080.wav|này và sẽ cảm thấy thoải mái hơn mạnh mẽ
file_2081.wav|hơn ở một khía cạnh nào đó các bạn mà
file_2082.wav|chúng ta đang lắng nghe radio này cũng
file_2083.wav|có thể để lại comment ở bên dưới để cổ
file_2084.wav|vũ tinh thần cho bạn gà con và tiếp thêm
file_2085.wav|sức mạnh cho mình cho bạn và cho tất cả
file_2086.wav|chúng ta nhé Còn bây giờ chúng ta sẽ đến
file_2087.wav|với lá thư tiếp theo lá thư rất là dài
file_2088.wav|các bạn ạ Chúng ta hãy cùng gọi là gác
file_2089.wav|lại tất cả những cái gì khác để thử lắng
file_2090.wav|nghe và gọi là đồng hành cùng bạn ấy
file_2091.wav|trong câu chuyện này nhé Đây là lá thư
file_2092.wav|của một bạn ẩn danh chúng ta cùng theo
file_2093.wav|dõi nha
file_2094.wav|cô ơi hiện tại em đang là học sinh lớp
file_2095.wav|11 trong suốt 10 năm qua em đều là học
file_2096.wav|sinh giỏi động nhiều giải tỉnh huyện
file_2097.wav|khác nhau Vì thế mà kỳ vọng của ba mẹ
file_2098.wav|đặt lên em rất nhiều từ khi lên 11 tới
file_2099.wav|giờ ba mẹ em trở nên khó tính hơn họ hay
file_2100.wav|làm bằng em mỗi ngày ba mẹ nói ra những
file_2101.wav|lời rất khó nghe mà họ nghĩ em không để
file_2102.wav|trong lòng không suy không nghĩ em buồn
file_2103.wav|lắm họ lai em chỉ biết suốt ngày ăn học
file_2104.wav|không làm được gì cho gia đình có lúc mẹ
file_2105.wav|em còn nói em chẳng kiếm được độc nào đã
file_2106.wav|nhiều lúc từ những lời nói ấy em thử lên
file_2107.wav|bạn search Để tìm thêm các cách kiếm
file_2108.wav|tiền không phải nhà em vất vả hay quá
file_2109.wav|khó khăn đâu ạ Ba mẹ em thu nhập vẫn ổn
file_2110.wav|định nhưng không hiểu sao họ lại buông
file_2111.wav|những lời như thế em cứ bị ba mẹ đặt cho
file_2112.wav|là làm biếng không phụ giúp gì suốt ngày
file_2113.wav|chỉ học học
file_2114.wav|đang ở cái nhờ gì là mắc học do từ lúc
file_2115.wav|lên lớp 11 em đã không bắt được nhịp có
file_2116.wav|phần sơ suất nhưng không tới nỗi nào chỉ
file_2117.wav|là đang thua lớp 10 một tí nên từ đó ba
file_2118.wav|mẹ vịn vào la êm thêm nhắc đến vấn đề
file_2119.wav|suốt ngày học là do lên 14 em bắt đầu
file_2120.wav|mua nhiều khóa học online Vì thế em nghỉ
file_2121.wav|học off với các thầy cô phần lớn thời
file_2122.wav|gian em chỉ ở nhà học online tự học chứ
file_2123.wav|không đi học thêm nhiều như mọi khi vậy
file_2124.wav|nên em phải chủ động điều chỉnh việc học
file_2125.wav|cho bản thân thời gian của em chỉ đến
file_2126.wav|trường rồi về nhà ngồi vào bàn học đôi
file_2127.wav|lúc phải nghe những lời chửi la quá đáng
file_2128.wav|như thế Nhiều lúc em không muốn sống
file_2129.wav|trong chính ngôi nhà của mình nữa em
file_2130.wav|thầm nhắc nhở bản thân hãy cố gắng hơn
file_2131.wav|một năm nữa thôi để lên học đại học
file_2132.wav|những gì em cố gắng nỗ lực ba mẹ không
file_2133.wav|hề thấy mà hở một xíu không được như họ
file_2134.wav|kỳ vọng là em sẽ bị nói suốt ngày ôm
file_2135.wav|điện thoại chơi em cũng đã từng nói là
file_2136.wav|em học online em phải dùng điện thoại
file_2137.wav|nhiều hơn như ba mẹ không chịu hiểu cho
file_2138.wav|em đã rất nhiều lần em và mẹ nói chuyện
file_2139.wav|với nhau về việc em sử dụng điện thoại
file_2140.wav|mỗi khi học xong em hay Giải trí bằng
file_2141.wav|cách xem điện thoại nhưng khi mẹ thấy
file_2142.wav|thì mẹ bảo rằng nguyên buổi em chỉ dùng
file_2143.wav|điện thoại không chịu học để mẹ vào bắt
file_2144.wav|gặp em cảm thấy rất mệt mỏi dù đã giải
file_2145.wav|thích và bây giờ mẹ có nói như thế nào
file_2146.wav|đi chăng nữa em cũng im lặng em đã nghĩ
file_2147.wav|rất nhiều mong bản thân rơi vào trầm cảm
file_2148.wav|để ba bị hiểu Ba Mẹ đối xử khác với em
file_2149.wav|chứ mỗi lần nói gì ba mẹ cũng cho em sai
file_2150.wav|ba mẹ đúng người lớn luôn đúng Em đã
file_2151.wav|khóc rất nhiều và tủi thân lắm Em cứ suy
file_2152.wav|nghĩ đến những lời Lan mắng nặng nề ấy
file_2153.wav|rồi cảm thấy buồn chán đôi khi là tuyệt
file_2154.wav|vọng đã mấy tháng nay em không nói
file_2155.wav|chuyện gì nhiều và chia sẻ với mẹ như
file_2156.wav|xưa nữa Lúc trước Mẹ rất hiểu em nhưng
file_2157.wav|gần đây mấy tháng nói chuyện với mẹ muốn
file_2158.wav|nghe những lời động viên khích lệ nhưng
file_2159.wav|mẹ chỉ tìm nguyên nhân đi làm sai la
file_2160.wav|giầy em nói với ba dòng cả hai cùng vào
file_2161.wav|live hơn thêm từ đó tới nay em đã tự
file_2162.wav|dùng không bao giờ nói gì với mẹ nữa Bởi
file_2163.wav|khi mà em cố gắng giải thích nói chuyện
file_2164.wav|thì mẹ lại càng hiểu Sai mẹ cho rằng em
file_2165.wav|ăn nói hỗn láo mất dạy
file_2166.wav|Hiện tại em không thể chia sẻ với bất kỳ
file_2167.wav|ai về vấn đề này em buồn lắm cô ạ Em
file_2168.wav|mong cô có thể chia sẻ với em bằng vài
file_2169.wav|lời động viên động viên em với chị em
file_2170.wav|cảm thấy rất mệt mỏi với chính gia đình
file_2171.wav|của mình
file_2172.wav|cô cảm ơn lời chia sẻ và những cái câu
file_2173.wav|chuyện mà rất là chân thực và đầy rẫy
file_2174.wav|rất đến từ bạn
file_2175.wav|cô cũng hình dung được cái cảm giác
file_2176.wav|Hoang Mang cái cảm giác ấm ức Và thậm
file_2177.wav|chí là cả cái sự tuyệt vọng mà bạn đang
file_2178.wav|đề cập tới đây cũng chính là một cái
file_2179.wav|minh chứng cho tên của chủ đề chúng ta
file_2180.wav|ngày hôm nay khi mà gia đình không còn
file_2181.wav|là điểm tựa khi mà gia đình
file_2182.wav|lại khiến cho mình cảm thấy Hoang Mang
file_2183.wav|về giá trị của Chiến Binh Kiều hơn khi
file_2184.wav|mà mình không biết phải làm sao để gần
file_2185.wav|hơn với bố mẹ để đối thoại với người
file_2186.wav|thân để giúp bố mẹ hiểu được rằng là
file_2187.wav|mình cũng đang cố gắng và mình cũng đang
file_2188.wav|nỗ lực em cũng đã chỉ ra một cái vấn đề
file_2189.wav|mà
file_2190.wav|đúng là rất nhiều phụ huynh mắc phải đấy
file_2191.wav|là nhiều người cho rằng những cái vấn đề
file_2192.wav|và hạn chế của trẻ con nó cứ bé xíu à
file_2193.wav|các bạn còn nhỏ các bạn không biết gì Ui
file_2194.wav|ăn được học tập có là cái gì đâu nhiều
file_2195.wav|người cho là như vậy và cũng một cái sai
file_2196.wav|lầm nữa đấy là người lớn luôn đúng bởi
file_2197.wav|vì người lớn nhiều áp lực hơn bởi vì
file_2198.wav|người lớn phải gánh cái gánh nặng cơm áo
file_2199.wav|gạo tiền bởi vì người lớn nhiều trải
file_2200.wav|nghiệm Bởi vì người lớn nhiều tuổi
file_2201.wav|có lẽ đó cũng là một trong những điều mà
file_2202.wav|cô nghĩ rằng là chính những bậc phụ
file_2203.wav|huynh cũng cần phải ngẫm nghĩ và cũng
file_2204.wav|cần phải xem xét lại về cái cách mà mình
file_2205.wav|trò chuyện với con cách mà mình dạy con
file_2206.wav|mặc dù là cô tin rằng là bố mẹ có ý tốt
file_2207.wav|và có thể là là thời gian gần đây bố mẹ
file_2208.wav|có những cái áp lực chưa thể tỏ bày được
file_2209.wav|thành ra là vô tình chút cái áp lực đấy
file_2210.wav|lên em nhưng mà
file_2211.wav|cái cách đấy nó cũng không làm cho bố mẹ
file_2212.wav|cảm thấy nhẹ lòng hơn đâu cũng nghĩ rằng
file_2213.wav|là mỗi lần mà bố mẹ buông những lời nặng
file_2214.wav|nề với em là bố mẹ cũng cảm thấy mệt mỏi
file_2215.wav|là bố mẹ cũng cảm thấy thật là chán nản
file_2216.wav|là bố mẹ cũng cảm thấy bất lực trong
file_2217.wav|việc giao tiếp với con của mình Thế nên
file_2218.wav|có lẽ đây là lúc mà cả hai bên đều cần
file_2219.wav|phải bình tĩnh lại để lắng nghe nhau để
file_2220.wav|vượt qua những khoảng cách để phá vỡ
file_2221.wav|những rào cản để hiểu được đối phương
file_2222.wav|đang cần gì phải đang phải đối diện với
file_2223.wav|những điều gì
file_2224.wav|cô thì cô nghĩ rằng là bởi vì cô đang
file_2225.wav|trực tiếp trò chuyện với em và mong rằng
file_2226.wav|là em đang theo dõi số radio này thì hay
file_2227.wav|là mình chủ động trước đi mình chủ động
file_2228.wav|trước đi giống như lúc nãy cô đã nói đó
file_2229.wav|là có những cái điều bạn nằm ngoài Tầm
file_2230.wav|Kiểm Soát của mình thì hay là mình thay
file_2231.wav|đổi từ phía mình trước ví dụ ngày xưa
file_2232.wav|vào những cái thời điểm mà cô và bố mẹ
file_2233.wav|có những khoảng cách và có những lúc mà
file_2234.wav|cũng thực sự là không biết là phải nói
file_2235.wav|chuyện với bố mẹ như thế nào bởi vì bố
file_2236.wav|mẹ không hiểu mình bố mẹ cũng từng đặt
file_2237.wav|rất là nhiều những cái áp lực và và
file_2238.wav|những cái niềm tin sự kỳ vọng lớn quá
file_2239.wav|nên mình thành ra là đôi lúc mình cảm
file_2240.wav|thấy là mình không đáp ứng được thì cô
file_2241.wav|đã chọn cách là cô viết thư cô viết cho
file_2242.wav|bố mẹ những lá thư những lá thư rất nhẹ
file_2243.wav|nhàng thôi những lá thư ở khía cạnh sẻ
file_2244.wav|chia những lá thư ở khía cạnh là mong
file_2245.wav|muốn được ba mẹ lắng nghe chứ không phải
file_2246.wav|là những lời trách móc hay là những cái
file_2247.wav|lời giận hờn bởi vì ở một cái góc độ nào
file_2248.wav|đó Khi mà mình giận lên lại còn ở độ
file_2249.wav|tuổi 17 18 cái tôi của mình đó Nó đang
file_2250.wav|rất là mạnh thì nhiều lúc mình mình giữa
file_2251.wav|rừng cổ lên với ba mẹ và Chính vì cái
file_2252.wav|điều ấy khiến cho ba mẹ nghĩ rằng là
file_2253.wav|mình vẫn trẻ con và mình đang
file_2254.wav|hỗn tạp Còn nếu như mà mình chọn cách
file_2255.wav|nhẹ nhàng hơn ở có thể là qua những cái
file_2256.wav|lời nói qua những cái con chữ mà nó dịu
file_2257.wav|dàng và trìu mến thì cô nghĩ rằng là ba
file_2258.wav|mẹ sẽ cảm nhận được là em đã trưởng
file_2259.wav|thành ở phần nào thậm chí là khi mà đọc
file_2260.wav|như vậy ba mẹ cũng có thể nhận ra rằng
file_2261.wav|là hình như mình mới là người trẻ con
file_2262.wav|hình như mình mới là người thiếu sự thấu
file_2263.wav|hiểu và thiếu sự lắng nghe hình như mình
file_2264.wav|mới là người đang vội vã định kiến với
file_2265.wav|con mình và đang tạo áp lực lên cả hai
file_2266.wav|phía
file_2267.wav|cô nghĩ rằng là đầu tiên mình có thể
file_2268.wav|nhận lỗi về phía mình trước mình có thể
file_2269.wav|chia sẻ với ba mẹ rằng là con biết rằng
file_2270.wav|là đã có những lúc con còn trẻ con đã có
file_2271.wav|những lúc con chưa đáp ứng được kỳ vọng
file_2272.wav|của ba mẹ đã có những lúc con làm cho ba
file_2273.wav|mẹ phiền lòng nhưng em hãy khẳng định
file_2274.wav|một điều và đúng là em đang như vậy đấy
file_2275.wav|là con vẫn đang cố gắng mỗi ngày ba mẹ
file_2276.wav|con sai ở đâu ba mẹ hãy cứ chỉ cho con
file_2277.wav|con nhất định sẽ ghi nhớ và sẽ nỗ lực để
file_2278.wav|chỉnh sửa từng chút một và hoàn thiện
file_2279.wav|hơn
file_2280.wav|điều thứ hai em có thể nói với ba mẹ về
file_2281.wav|việc đấy làm năm nay là một năm vô cùng
file_2282.wav|áp lực bởi vì nó là năm bản lề để chuẩn
file_2283.wav|bị sang năm có lên lớp 12 là có sự thi
file_2284.wav|đại học vì đến đây là con sẽ phải học
file_2285.wav|nhiều hơn con sẽ phải có những cái không
file_2286.wav|gian riêng nhiều hơn con sẽ có những lúc
file_2287.wav|mà chưa thực hiện được những cái điều mà
file_2288.wav|ba mẹ đang đang muốn con làm thì con
file_2289.wav|mong là ba mẹ hãy thông cảm với con và
file_2290.wav|hãy tin con được chỗ đấy là con đang cố
file_2291.wav|gắng hết mình cho việc học tập và con
file_2292.wav|học không phải chỉ vì bản thân con con
file_2293.wav|học bởi vì con biết là ba mẹ đã nỗ lực
file_2294.wav|vì con rất nhiều con biết là ban định
file_2295.wav|đặt kỳ vọng vào mình và con học để sau
file_2296.wav|này con có thể đủ khả năng để báo đáp
file_2297.wav|công ơn mà bà mẹ đã dành cho con dũng
file_2298.wav|cảm cuộc đời của mình
file_2299.wav|và cái điều thứ ba Đấy là em hãy thử hỏi
file_2300.wav|thăm ba mẹ bởi vì như em chia sẻ thì
file_2301.wav|trước đây Mẹ từng rất lắng nghe Nhưng mà
file_2302.wav|dạo gần đây thì mẹ mới hay có hot hơn
file_2303.wav|đúng không Thế thì rất có thể là dạo gần
file_2304.wav|đây có một cái chuyện gì đấy Có thể là
file_2305.wav|từ các mối quan hệ trong họ hàng gia
file_2306.wav|đình có thể là mối quan hệ giữa ba mẹ có
file_2307.wav|thể là chuyện kinh doanh công công việc
file_2308.wav|làm ăn nó không được tốt như là những gì
file_2309.wav|em nghĩ thành ra là mẹ cũng đang có
file_2310.wav|những áp lực Không thể tỏ bày cùng ai
file_2311.wav|Thế thì mình hãy chủ động mình hỏi trong
file_2312.wav|lá thư này hoặc là trong cái tin nhắn
file_2313.wav|đấy Em gửi cho ba mẹ gửi cho mẹ mình em
file_2314.wav|hỏi là
file_2315.wav|con cũng mong là con có thể lắng nghe
file_2316.wav|những tâm sự của mẹ nên nếu như mẹ đang
file_2317.wav|có những cái áp lực nào đó hay mẹ đang
file_2318.wav|có một cái Nỗi buồn nào đó thì mấy anh
file_2319.wav|kể cho con nghe được không có thể là con
file_2320.wav|sẽ không có được một lời khuyên nào
file_2321.wav|nhưng ít nhất con có thể lắng nghe
file_2322.wav|và điều cuối cùng em hãy khẳng định với
file_2323.wav|ba mẹ rằng là mình thương ba mẹ nhiều
file_2324.wav|đến thế nào mình nặng lòng như thế này
file_2325.wav|là bởi vì mình rất là thương ba mẹ và rõ
file_2326.wav|ràng là mình không hề muốn cái chuyện là
file_2327.wav|chiến tranh lạnh mà nó cứ diễn ra lâu
file_2328.wav|dài như thế để dần dần mình thực sự xa
file_2329.wav|nhau đừng đừng để câu chuyện nó đến mức
file_2330.wav|đó mình hãy là người chủ động trước các
file_2331.wav|bạn nhé Ba mẹ đã vất vả và đã hy sinh
file_2332.wav|cho mình cả đời rồi thế thì
file_2333.wav|đôi lúc một vài lần mình là người chủ
file_2334.wav|động trước cũng đâu có sao đúng không
file_2335.wav|miễn là chúng ta gần nhau hơn chúng ta
file_2336.wav|hiểu được nỗi lòng của nhau và
file_2337.wav|chúng ta sẽ thực sự là chỗ dựa của nhau
file_2338.wav|đây cả ba mẹ và cả em đều có thêm cho
file_2339.wav|mình những điểm tựa tinh thần bình yên
file_2340.wav|nhất
file_2341.wav|đó sẽ là cách để gia đình thực sự là một
file_2342.wav|gia đình và đó sẽ là cách mà cả ba mẹ và
file_2343.wav|cả em đều hào hứng hơn giàu động lực hơn
file_2344.wav|trên cái Hành trình theo đuổi thì đam mê
file_2345.wav|mà mình đang chọn cô mong rằng là em
file_2346.wav|sẽ sớm làm lành làm hòa và hiểu được ba
file_2347.wav|mẹ mình nhiều hơn nữa và cũng mong rằng
file_2348.wav|những bạn Mà đang có câu chuyện tương tự
file_2349.wav|cũng có thể nỗ lực để đối thoại và trò
file_2350.wav|chuyện với ba mẹ mình bằng cách này hay
file_2351.wav|cách khác để chúng ta sẽ nhẹ lòng hơn và
file_2352.wav|ba mẹ cũng sẽ có thể bộc bạch được những
file_2353.wav|nỗi lòng của họ các bạn đặt người lớn
file_2354.wav|đôi khi rất cô đơn bởi vì cái vỏ bọc của
file_2355.wav|một người lớn mà lúc nào cũng phải mạnh
file_2356.wav|mẽ lúc nào cũng phải
file_2357.wav|chỉnh chu rồi lúc nào cũng phải lo lắng
file_2358.wav|lo toan được mọi thứ nhưng cũng có những
file_2359.wav|lúc ba mẹ rơi vào cái hoàn cảnh ba mẹ
file_2360.wav|không biết phải làm gì đâu thế thì lúc
file_2361.wav|này mình hãy là điểm tựa của ba mẹ
file_2362.wav|mong rằng chúng ta đều sẽ nỗ lực từ tất
file_2363.wav|cả các phía Từ tất cả các cương vị khác
file_2364.wav|nhau cả các bậc phụ huynh và cả các bạn
file_2365.wav|học sinh chúng ta đều sẽ cố gắng để thấu
file_2366.wav|hiểu để tôn trọng để lắng nghe để cảm
file_2367.wav|nhận và để là chỗ dựa của đối phương
file_2368.wav|mong rằng số radio này sẽ không chỉ có
file_2369.wav|các bạn học sinh sinh viên mà biết đâu
file_2370.wav|may mắn có cả các bậc phụ huynh cũng
file_2371.wav|lắng nghe thì chúng ta có thể cũng mềm
file_2372.wav|mại dịu dàng và đối thoại với con mình
file_2373.wav|đúng hơn nữa quý vị phụ huynh nhé
file_2374.wav|một lần nữa Cảm ơn các bạn vì đã gửi thư
file_2375.wav|về cho chương trình hòm thư ký gửi và
file_2376.wav|đừng quên lại đây sẽ là một nơi an toàn
file_2377.wav|để các bạn có thể chia sẻ những tâm tư
file_2378.wav|của mình các bạn nhé
file_2379.wav|Còn bây giờ thì chúc các bạn sẽ có một
file_2380.wav|giấc ngủ ngon và ngày mai sẽ là một ngày
file_2381.wav|dịu dàng chúc cho các bạn sẽ luôn có một
file_2382.wav|gia đình là một chốn bình yên để trở về
file_2383.wav|là một chỗ ẩn nấp sau những bão giông
file_2384.wav|của cuộc đời cảm ơn các bạn Tạm biệt hẹn
file_2385.wav|gặp lại trong những số radio tiếp theo
file_2386.wav|trên fanpage và kênh spotify học văn cô